season,event,champion,games_contests,pick_ban_ratio,banned_games,played_games,played_by_number_of_players,win,lose,win_rate,kills,deaths,assists,kill_death_assist_ratio,creep_score,cs/min,gold,gold/min,damage,damage/min,kill_participation,kill_share,gold_share
10,Play in,Nidalee,34,89.5,23,11,6,7,4,63.6,3.18,2.36,7.0,4.31,220.91,6.57,12.2,362.0,13900.0,415.0,72.7,22.7,20.4
10,Play in,Lillia,33,86.8,17,16,6,5,11,31.3,2.69,3.25,6.75,2.9,210.88,6.47,11.3,348.0,14900.0,459.0,76.6,21.8,20.4
10,Play in,Orianna,33,86.8,22,11,8,10,1,90.9,4.55,1.91,8.55,6.86,301.09,8.91,14.8,438.0,20800.0,614.0,81.4,28.2,23.6
10,Play in,Ornn,33,86.8,22,11,6,10,1,90.9,2.82,1.27,10.45,10.43,218.09,6.81,11.7,366.0,13700.0,429.0,74.1,15.7,19.7
10,Play in,Graves,29,76.3,12,17,8,12,5,70.6,4.06,1.29,6.29,8.0,212.65,6.9,11.7,380.0,10600.0,344.0,69.8,27.4,20.8
10,Play in,Renekton,27,71.1,16,11,6,5,6,45.5,2.0,3.0,3.55,1.85,256.45,7.81,12.3,375.0,10300.0,315.0,51.7,18.6,21.6
10,Play in,Sett,26,68.4,11,15,9,6,9,40.0,1.87,2.73,5.93,2.85,197.4,5.89,10.9,324.0,9700.0,290.0,56.8,13.6,18.7
10,Play in,Leona,25,65.8,7,18,6,9,9,50.0,0.78,2.78,6.39,2.58,35.72,1.12,7.1,223.0,3900.0,122.0,60.8,6.6,12.8
10,Play in,Camille,24,63.2,11,13,8,7,6,53.8,3.0,3.08,5.31,2.7,269.08,8.01,13.3,396.0,14300.0,425.0,54.3,19.6,22.1
10,Play in,Lucian,23,60.5,18,5,4,3,2,60.0,4.2,3.0,3.8,2.67,282.8,8.96,13.4,424.0,16800.0,533.0,66.7,35.0,24.1
10,Play in,Nautilus,22,57.9,11,11,6,4,7,36.4,0.82,4.18,6.18,1.67,37.18,1.13,7.2,219.0,4400.0,134.0,56.2,6.6,13.0
10,Play in,Senna,21,55.3,6,15,7,7,8,46.7,1.6,2.33,8.13,4.17,184.4,5.71,10.6,327.0,12000.0,370.0,76.4,12.6,19.1
10,Play in,Shen,21,55.3,15,6,3,4,2,66.7,3.83,2.5,8.67,5.0,218.5,6.95,11.3,359.0,12200.0,387.0,75.8,23.2,20.4
10,Play in,Rakan,19,50.0,6,13,8,8,5,61.5,0.31,1.46,10.46,7.37,39.62,1.26,7.3,234.0,4200.0,133.0,78.7,2.2,13.1
10,Play in,Ezreal,18,47.4,5,13,7,8,5,61.5,4.77,2.38,6.31,4.65,275.46,8.07,13.7,400.0,23700.0,695.0,69.2,29.8,22.9
10,Play in,Alistar,18,47.4,7,11,8,9,2,81.8,1.27,2.82,11.27,4.45,33.0,1.0,8.1,245.0,5000.0,152.0,66.3,6.7,13.3
10,Play in,Ashe,18,47.4,8,10,6,2,8,20.0,1.9,2.9,4.3,2.14,298.9,9.07,13.0,393.0,15700.0,476.0,66.7,20.4,23.7
10,Play in,Twitch,18,47.4,10,8,6,4,4,50.0,4.13,2.75,5.88,3.64,273.75,8.46,13.1,404.0,15500.0,480.0,69.6,28.7,22.8
10,Play in,Bard,17,44.7,12,5,4,2,3,40.0,1.4,2.4,11.2,5.25,50.6,1.42,8.5,239.0,6700.0,187.0,78.8,8.8,13.8
10,Play in,Syndra,16,42.1,7,9,5,5,4,55.6,4.0,3.0,7.33,3.78,296.67,9.07,13.9,424.0,21400.0,656.0,67.5,23.8,23.8
10,Play in,Twisted Fate,16,42.1,9,7,3,4,3,57.1,3.14,1.86,7.86,5.92,284.0,8.64,14.5,442.0,13800.0,420.0,80.2,22.9,23.9
10,Play in,Caitlyn,15,39.5,11,4,3,2,2,50.0,5.75,2.25,5.25,4.89,258.75,9.47,13.2,482.0,17700.0,647.0,75.9,39.7,26.5
10,Play in,Jhin,14,36.8,2,12,7,8,4,66.7,3.42,1.58,6.67,6.37,281.5,8.66,13.5,414.0,15600.0,479.0,70.3,23.8,23.0
10,Play in,Galio,14,36.8,5,9,4,2,7,22.2,1.89,3.67,5.0,1.88,216.56,7.34,9.8,333.0,10600.0,360.0,68.1,18.7,20.4
10,Play in,Hecarim,14,36.8,8,6,4,3,3,50.0,2.67,3.33,4.5,2.15,217.67,6.6,11.4,346.0,9700.0,295.0,62.3,23.2,20.2
10,Play in,Azir,14,36.8,10,4,2,2,2,50.0,2.25,3.25,5.5,2.38,252.75,8.04,11.7,371.0,12100.0,385.0,58.5,17.0,21.7
10,Play in,Zoe,12,31.6,5,7,6,2,5,28.6,2.14,2.43,6.14,3.41,255.0,7.52,11.9,351.0,20200.0,597.0,68.2,17.6,21.0
10,Play in,Akali,12,31.6,11,1,1,0,1,0.0,0.0,4.0,4.0,1.0,222.0,7.33,9.2,305.0,12400.0,411.0,50.0,0.0,19.2
10,Play in,Wukong,11,28.9,1,10,4,4,6,40.0,3.2,3.1,5.1,2.68,239.0,7.49,12.0,376.0,12600.0,394.0,66.9,25.8,22.1
10,Play in,Volibear,11,28.9,5,6,3,2,4,33.3,2.67,3.0,5.0,2.56,233.0,7.04,11.8,356.0,12400.0,376.0,63.9,22.2,20.6
10,Play in,Mordekaiser,10,26.3,6,4,3,1,3,25.0,4.75,3.5,3.5,2.36,244.75,7.41,12.6,382.0,17100.0,519.0,67.3,38.8,22.6
10,Play in,Kalista,10,26.3,9,1,1,0,1,0.0,2.0,2.0,1.0,1.5,286.0,9.88,11.9,411.0,9600.0,333.0,100.0,66.7,26.2
10,Play in,Thresh,9,23.7,7,2,2,0,2,0.0,0.0,1.5,2.0,1.33,31.5,0.97,6.3,195.0,2100.0,64.0,57.1,0.0,12.4
10,Play in,Evelynn,8,21.1,5,3,2,2,1,66.7,4.33,3.33,6.67,3.3,189.67,5.94,11.2,351.0,14500.0,454.0,62.3,24.5,18.9
10,Play in,Kindred,7,18.4,1,6,3,5,1,83.3,3.5,2.0,6.33,4.92,184.17,6.21,10.9,369.0,9900.0,334.0,64.1,22.8,19.9
10,Play in,Sion,7,18.4,2,5,3,1,4,20.0,0.8,3.2,6.0,2.13,222.4,7.02,10.3,325.0,11300.0,357.0,63.0,7.4,19.6
10,Play in,Sylas,7,18.4,2,5,5,1,4,20.0,2.8,4.2,4.2,1.67,207.8,6.79,10.6,346.0,12900.0,421.0,81.4,32.6,21.7
10,Play in,Braum,6,15.8,1,5,5,2,3,40.0,0.0,3.0,10.0,3.33,36.2,1.12,7.3,228.0,4500.0,141.0,76.9,0.0,12.8
10,Play in,Lee Sin,6,15.8,2,4,4,1,3,25.0,3.25,3.75,4.75,2.13,186.0,5.18,11.3,314.0,8800.0,245.0,59.3,24.1,18.5
10,Play in,Kassadin,6,15.8,3,3,2,3,0,100.0,9.67,2.67,3.67,5.0,306.0,9.26,15.8,477.0,22300.0,676.0,56.3,40.8,24.3
10,Play in,Pantheon,6,15.8,5,1,1,1,0,100.0,3.0,6.0,9.0,2.0,51.0,1.47,9.4,271.0,9700.0,280.0,66.7,16.7,14.4
10,Play in,Malphite,5,13.2,3,2,1,1,1,50.0,2.0,4.0,5.5,1.88,252.5,8.24,11.3,369.0,15300.0,499.0,48.4,12.9,20.8
10,Play in,Tristana,4,10.5,0,4,4,2,2,50.0,2.75,3.0,5.0,2.58,317.5,9.11,14.3,411.0,13800.0,395.0,60.8,21.6,23.7
10,Play in,Miss Fortune,4,10.5,1,3,2,2,1,66.7,4.33,3.33,6.33,3.2,272.0,8.72,13.3,427.0,15400.0,495.0,76.2,31.0,23.6
10,Play in,Ziggs,4,10.5,1,3,3,1,2,33.3,1.67,1.33,4.33,4.5,295.0,9.32,13.2,416.0,19100.0,602.0,60.0,16.7,24.5
10,Play in,Cassiopeia,3,7.9,1,2,2,1,1,50.0,2.5,3.0,4.5,2.33,283.5,9.65,12.4,420.0,16400.0,558.0,82.4,29.4,25.6
10,Play in,Ekko,3,7.9,1,2,1,1,1,50.0,8.5,2.0,8.0,8.25,255.0,7.63,14.0,420.0,19200.0,576.0,82.5,42.5,23.6
10,Play in,Elise,3,7.9,1,2,1,1,1,50.0,2.5,4.0,5.5,2.0,179.0,5.23,10.6,309.0,11500.0,335.0,66.7,20.8,18.0
10,Play in,Lulu,3,7.9,1,2,1,1,1,50.0,1.5,2.0,8.5,5.0,213.5,6.95,10.6,346.0,10000.0,327.0,80.0,12.0,20.5
10,Play in,Jax,3,7.9,2,1,1,1,0,100.0,6.0,2.0,5.0,5.5,287.0,8.59,15.2,456.0,15300.0,457.0,55.0,30.0,22.7
10,Play in,Karthus,3,7.9,2,1,1,0,1,0.0,3.0,6.0,6.0,1.5,195.0,6.84,11.2,392.0,14200.0,497.0,90.0,30.0,23.3
10,Play in,Gangplank,2,5.3,0,2,2,1,1,50.0,1.0,3.0,4.5,1.83,262.5,8.4,11.8,378.0,15200.0,486.0,68.8,12.5,22.3
10,Play in,Vayne,2,5.3,0,2,2,1,1,50.0,4.5,3.0,3.5,2.67,265.5,8.59,12.9,416.0,19200.0,622.0,66.7,37.5,23.2
10,Play in,Taric,2,5.3,0,2,1,0,2,0.0,0.0,2.0,2.5,1.25,34.5,1.28,5.5,204.0,1600.0,61.0,71.4,0.0,12.8
10,Play in,Morgana,2,5.3,1,1,1,1,0,100.0,1.0,3.0,10.0,3.67,34.0,1.15,7.5,251.0,7200.0,244.0,57.9,5.3,12.8
10,Play in,Swain,2,5.3,1,1,1,1,0,100.0,5.0,4.0,5.0,2.5,234.0,6.91,12.9,380.0,27000.0,798.0,76.9,38.5,20.8
10,Play in,Tahm Kench,2,5.3,1,1,1,0,1,0.0,0.0,3.0,2.0,0.67,52.0,1.38,8.2,217.0,3600.0,97.0,28.6,0.0,13.2
10,Play in,Gnar,1,2.6,0,1,1,1,0,100.0,1.0,1.0,5.0,6.0,251.0,8.14,11.6,377.0,13400.0,435.0,50.0,8.3,20.4
10,Play in,Karma,1,2.6,0,1,1,1,0,100.0,1.0,2.0,23.0,12.0,42.0,1.42,8.0,270.0,5100.0,171.0,88.9,3.7,14.6
10,Play in,Aatrox,1,2.6,0,1,1,0,1,0.0,1.0,3.0,1.0,0.67,202.0,6.55,9.0,293.0,6400.0,206.0,66.7,33.3,20.0
10,Play in,Aphelios,1,2.6,0,1,1,0,1,0.0,0.0,6.0,3.0,0.5,224.0,7.55,9.0,302.0,11700.0,395.0,33.3,0.0,20.0
10,Play in,Corki,1,2.6,0,1,1,0,1,0.0,2.0,4.0,1.0,0.75,293.0,9.88,12.2,412.0,18700.0,631.0,37.5,25.0,24.9
10,Play in,Draven,1,2.6,0,1,1,0,1,0.0,7.0,4.0,8.0,3.75,272.0,7.21,16.7,443.0,22000.0,584.0,83.3,38.9,24.8
10,Play in,Gragas,1,2.6,0,1,1,0,1,0.0,3.0,4.0,8.0,2.75,189.0,5.44,10.5,304.0,16500.0,476.0,78.6,21.4,19.2
10,Play in,Jarvan IV,1,2.6,0,1,1,0,1,0.0,0.0,3.0,1.0,0.33,122.0,4.27,7.2,252.0,3300.0,115.0,100.0,0.0,18.1
10,Play in,Kayle,1,2.6,0,1,1,0,1,0.0,2.0,5.0,2.0,0.8,287.0,8.53,12.1,358.0,13100.0,389.0,40.0,20.0,22.4
10,Play in,Kog'Maw,1,2.6,0,1,1,0,1,0.0,1.0,2.0,3.0,2.0,334.0,8.85,13.7,363.0,20000.0,530.0,57.1,14.3,22.1
10,Play in,Poppy,1,2.6,0,1,1,0,1,0.0,5.0,4.0,9.0,3.5,235.0,6.23,14.0,372.0,20600.0,545.0,77.8,27.8,20.8
10,Play in,Skarner,1,2.6,0,1,1,0,1,0.0,0.0,6.0,2.0,0.33,118.0,4.28,6.8,246.0,3500.0,126.0,50.0,0.0,16.9
10,Play in,Urgot,1,2.6,0,1,1,0,1,0.0,9.0,2.0,3.0,6.0,242.0,6.97,13.5,389.0,11500.0,331.0,85.7,64.3,24.6
10,Play in,Vladimir,1,2.6,0,1,1,0,1,0.0,6.0,4.0,5.0,2.75,348.0,8.53,16.2,397.0,26000.0,637.0,64.7,35.3,24.5
10,Play in,Xayah,1,2.6,0,1,1,0,1,0.0,4.0,4.0,3.0,1.75,346.0,10.35,14.9,445.0,15300.0,459.0,87.5,50.0,28.5
10,Play in,Blitzcrank,1,2.6,1,0,0,0,0,0.0,0.0,0.0,0.0,0.0,0.0,0.0,0.0,0.0,0.0,0.0,0.0,0.0,0.0
10,Play in,LeBlanc,1,2.6,1,0,0,0,0,0.0,0.0,0.0,0.0,0.0,0.0,0.0,0.0,0.0,0.0,0.0,0.0,0.0,0.0
10,Play in,Lux,1,2.6,1,0,0,0,0,0.0,0.0,0.0,0.0,0.0,0.0,0.0,0.0,0.0,0.0,0.0,0.0,0.0,0.0
10,Play in,Olaf,1,2.6,1,0,0,0,0,0.0,0.0,0.0,0.0,0.0,0.0,0.0,0.0,0.0,0.0,0.0,0.0,0.0,0.0
10,Play in,Quinn,1,2.6,1,0,0,0,0,0.0,0.0,0.0,0.0,0.0,0.0,0.0,0.0,0.0,0.0,0.0,0.0,0.0,0.0
10,Play in,Vel'Koz,1,2.6,1,0,0,0,0,0.0,0.0,0.0,0.0,0.0,0.0,0.0,0.0,0.0,0.0,0.0,0.0,0.0,0.0
10,Main,Lucian,71,93.4,60,11,9,6,5,54.5,3.91,2.82,4.45,2.97,290.18,8.86,14.0,428.0,16100.000000000002,492.0,61.3,28.7,23.7
10,Main,Graves,70,92.1,18,52,16,23,29,44.2,3.46,2.73,4.92,3.07,220.4,6.87,11.8,367.0,12600.0,394.0,67.6,27.9,20.8
10,Main,Ornn,69,90.8,40,29,13,14,15,48.3,1.28,2.28,5.97,3.18,242.83,7.56,11.2,349.0,12400.0,385.0,58.5,10.3,19.8
10,Main,Syndra,68,89.5,40,28,13,14,14,50.0,3.0,2.32,4.36,3.17,286.96,8.75,12.7,387.0,16700.0,508.0,57.2,23.3,22.1
10,Main,Nidalee,68,89.5,48,20,9,11,9,55.0,3.25,2.1,5.75,4.29,213.25,6.84,11.4,367.0,12000.0,385.0,68.7,24.8,20.2
10,Main,Twisted Fate,62,81.6,46,16,7,9,7,56.3,3.25,2.44,7.5,4.41,253.38,8.33,13.1,430.0,15400.0,505.0,70.8,21.4,23.0
10,Main,Camille,56,73.7,42,14,8,8,6,57.1,4.64,3.21,4.5,2.84,252.5,7.94,13.3,419.0,15600.0,491.0,56.1,28.5,22.7
10,Main,Ashe,52,68.4,20,32,13,15,17,46.9,3.16,2.56,6.09,3.61,295.28,9.09,13.6,418.0,16700.0,513.0,66.8,22.8,23.5
10,Main,Renekton,52,68.4,30,22,10,8,14,36.4,2.5,3.73,4.5,1.88,261.0,8.15,12.2,382.0,12400.0,388.0,55.2,19.7,21.9
10,Main,Senna,43,56.6,12,31,15,14,17,45.2,1.9,2.0,7.68,4.79,240.26,7.71,11.8,379.0,14400.0,462.0,75.2,14.9,21.4
10,Main,Jhin,42,55.3,11,31,12,20,11,64.5,4.23,1.42,5.55,6.89,283.65,9.1,13.5,433.0,15200.0,487.0,66.9,28.9,23.5
10,Main,Leona,42,55.3,18,24,9,17,7,70.8,0.88,3.38,7.88,2.59,38.79,1.19,7.7,236.0,4300.0,130.0,55.0,5.5,12.6
10,Main,Orianna,40,52.6,12,28,13,15,13,53.6,3.36,1.89,5.04,4.43,304.96,9.08,13.7,408.0,14900.0,442.0,63.7,25.5,23.0
10,Main,Ezreal,40,52.6,19,21,7,12,9,57.1,3.43,2.57,4.24,2.98,308.86,9.29,14.2,428.0,23200.0,697.0,62.6,28.0,23.7
10,Main,Sett,40,52.6,23,17,14,9,8,52.9,2.29,3.47,6.59,2.56,128.12,4.06,9.7,306.0,9900.0,314.0,59.0,15.2,16.7
10,Main,Caitlyn,39,51.3,28,11,6,6,5,54.5,3.09,1.36,4.09,5.27,317.27,9.78,14.3,441.0,16600.0,512.0,60.3,26.0,24.5
10,Main,Lillia,38,50.0,13,25,10,12,13,48.0,2.88,3.12,6.6,3.04,206.68,6.51,11.3,355.0,13200.0,416.0,67.1,20.4,19.7
10,Main,Pantheon,38,50.0,21,17,10,10,7,58.8,2.59,3.47,5.53,2.34,57.29,1.8,8.3,262.0,8900.0,279.0,55.0,17.5,14.2
10,Main,Volibear,36,47.4,14,22,12,12,10,54.5,2.36,2.95,5.45,2.65,216.14,6.63,11.3,348.0,11900.0,365.0,61.6,18.6,19.8
10,Main,Shen,32,42.1,24,8,6,5,3,62.5,2.38,3.0,6.63,3.0,234.88,6.72,12.1,345.0,10100.0,288.0,60.0,15.8,18.9
10,Main,Tahm Kench,29,38.2,14,15,7,8,7,53.3,1.13,3.67,8.47,2.62,33.47,0.99,7.8,231.0,5400.0,158.0,59.8,7.1,12.8
10,Main,Kindred,28,36.8,9,19,8,11,8,57.9,3.47,1.89,5.53,4.75,203.42,6.4,11.5,363.0,11700.0,369.0,69.0,26.6,20.3
10,Main,Bard,27,35.5,12,15,9,9,6,60.0,0.6,2.27,10.53,4.91,43.47,1.33,7.7,237.0,6100.0,187.0,78.4,4.2,13.0
10,Main,Kalista,25,32.9,17,8,5,2,6,25.0,2.0,3.38,4.38,1.89,278.38,8.98,12.1,392.0,10200.0,328.0,59.3,18.6,23.1
10,Main,Thresh,24,31.6,14,10,7,4,6,40.0,0.4,2.6,6.4,2.62,40.5,1.25,7.2,222.0,3500.0,108.0,65.4,3.8,12.8
10,Main,Rakan,23,30.3,9,14,9,7,7,50.0,0.57,2.5,6.21,2.71,38.71,1.26,6.9,223.0,3800.0,122.0,62.5,5.3,12.8
10,Main,Sylas,20,26.3,9,11,5,7,4,63.6,3.55,2.0,6.27,4.91,234.0,8.0,11.4,391.0,13600.0,464.0,70.6,25.5,21.2
10,Main,Galio,19,25.0,4,15,8,6,9,40.0,2.4,2.67,5.67,3.03,247.33,7.65,11.5,356.0,10000.0,311.0,68.8,20.5,20.0
10,Main,Nautilus,18,23.7,5,13,8,2,11,15.4,0.62,4.46,4.92,1.24,36.31,1.21,6.4,213.0,4000.0,132.0,61.0,6.8,13.2
10,Main,Gangplank,18,23.7,7,11,6,5,6,45.5,3.27,2.82,5.18,3.0,278.27,8.58,14.4,444.0,20900.0,645.0,67.9,26.3,24.5
10,Main,Lulu,17,22.4,7,10,7,5,5,50.0,1.0,2.1,7.1,3.86,112.6,3.56,8.6,273.0,6000.0,190.0,73.0,9.0,15.8
10,Main,Azir,15,19.7,5,10,6,3,7,30.0,2.0,2.0,3.3,2.65,294.7,9.18,12.7,396.0,11300.0,353.0,53.5,20.2,23.0
10,Main,Akali,14,18.4,9,5,3,3,2,60.0,5.0,2.4,4.2,3.83,315.0,8.53,15.2,411.0,17500.0,475.0,55.4,30.1,21.9
10,Main,Twitch,14,18.4,12,2,2,0,2,0.0,3.0,3.0,1.0,1.33,241.0,7.77,11.4,367.0,17000.0,547.0,80.0,60.0,24.8
10,Main,Lee Sin,13,17.1,3,10,6,4,6,40.0,2.6,2.7,6.2,3.26,169.1,5.18,10.6,324.0,8100.0,248.0,78.6,23.2,18.6
10,Main,Jax,12,15.8,5,7,3,5,2,71.4,4.14,2.71,4.0,3.0,309.43,8.62,15.3,427.0,16300.0,455.0,54.3,27.6,22.7
10,Main,Zoe,11,14.5,3,8,5,5,3,62.5,3.13,1.38,7.25,7.55,257.38,8.28,12.0,386.0,16200.0,520.0,72.8,21.9,21.2
10,Main,Jayce,11,14.5,3,8,7,2,6,25.0,3.38,3.75,2.63,1.6,265.38,8.67,12.2,398.0,19200.0,629.0,64.9,36.5,23.3
10,Main,Ekko,10,13.2,3,7,5,5,2,71.4,3.0,1.0,6.14,9.14,285.71,9.49,12.7,423.0,11800.0,392.0,66.0,21.6,22.6
10,Main,Braum,10,13.2,3,7,5,4,3,57.1,1.0,2.29,6.86,3.44,33.57,1.12,6.9,231.0,5100.0,171.0,64.7,8.2,13.0
10,Main,Evelynn,10,13.2,6,4,4,2,2,50.0,3.75,2.75,3.25,2.55,195.75,6.13,11.4,356.0,12000.0,377.0,62.2,33.3,20.1
10,Main,Alistar,9,11.8,3,6,6,0,6,0.0,1.17,4.5,5.0,1.37,37.83,1.13,7.4,219.0,3900.0,116.0,62.7,11.9,13.2
10,Main,Aphelios,8,10.5,2,6,5,3,3,50.0,3.33,2.33,4.67,3.43,289.17,9.1,13.5,423.0,18200.0,572.0,65.8,27.4,23.6
10,Main,Lux,8,10.5,3,5,4,2,3,40.0,0.4,1.8,5.8,3.44,42.4,1.27,7.5,226.0,4000.0,121.0,75.6,4.9,13.1
10,Main,Karma,8,10.5,4,4,4,3,1,75.0,0.25,1.5,6.5,4.5,21.75,0.72,7.1,232.0,4700.0,155.0,77.1,2.9,12.6
10,Main,Blitzcrank,8,10.5,4,4,3,2,2,50.0,1.0,2.5,5.75,2.7,26.25,0.87,6.8,226.0,4000.0,132.0,50.0,7.4,12.6
10,Main,Hecarim,8,10.5,4,4,4,2,2,50.0,3.0,2.0,5.0,4.0,190.0,6.34,10.4,346.0,7500.0,249.0,62.7,23.5,19.6
10,Main,Wukong,8,10.5,5,3,2,1,2,33.3,2.33,4.0,3.33,1.42,284.0,8.48,13.4,400.0,12600.0,377.0,65.4,26.9,23.5
10,Main,Irelia,8,10.5,6,2,2,1,1,50.0,4.0,3.5,3.0,2.0,282.5,9.66,12.7,435.0,12900.0,441.0,56.0,32.0,24.3
10,Main,Sion,7,9.2,1,6,3,3,3,50.0,2.0,2.33,4.67,2.86,255.33,8.36,11.6,380.0,10200.0,334.0,40.8,12.2,20.7
10,Main,Kennen,7,9.2,3,4,1,4,0,100.0,3.5,3.25,7.5,3.38,275.75,8.81,13.8,440.0,19000.0,606.0,71.0,22.6,22.4
10,Main,Gragas,6,7.9,3,3,3,2,1,66.7,3.67,2.0,6.67,5.17,203.33,5.9,11.8,343.0,14100.0,409.0,59.6,21.2,18.6
10,Main,Vladimir,6,7.9,3,3,2,2,1,66.7,1.67,2.0,1.0,1.33,278.33,9.29,11.8,396.0,16500.0,550.0,28.6,17.9,22.1
10,Main,Swain,6,7.9,6,0,0,0,0,0.0,0.0,0.0,0.0,0.0,0.0,0.0,0.0,0.0,0.0,0.0,0.0,0.0,0.0
10,Main,Miss Fortune,5,6.6,0,5,4,3,2,60.0,3.6,2.2,6.4,4.55,344.4,9.92,15.3,440.0,19000.0,547.0,67.6,24.3,24.4
10,Main,Jarvan IV,5,6.6,2,3,2,2,1,66.7,1.0,2.33,11.0,5.14,168.0,4.97,10.2,301.0,7100.0,209.0,81.8,6.8,16.4
10,Main,Kassadin,5,6.6,3,2,2,0,2,0.0,2.5,6.0,0.5,0.5,201.5,6.87,9.8,333.0,8900.0,303.0,42.9,35.7,22.1
10,Main,Mordekaiser,5,6.6,3,2,2,0,2,0.0,4.0,3.5,2.5,1.86,281.0,7.37,14.2,373.0,14400.0,379.0,68.4,42.1,22.7
10,Main,Malphite,4,5.3,0,4,4,2,2,50.0,2.0,1.75,6.5,4.86,201.0,7.03,10.2,356.0,10200.0,357.0,66.7,15.7,20.3
10,Main,Yuumi,4,5.3,4,0,0,0,0,0.0,0.0,0.0,0.0,0.0,0.0,0.0,0.0,0.0,0.0,0.0,0.0,0.0,0.0
10,Main,Taric,3,3.9,0,3,2,1,2,33.3,0.0,1.67,4.33,2.6,31.67,1.09,6.3,215.0,1200.0,42.0,59.1,0.0,12.4
10,Main,Draven,3,3.9,1,2,2,1,1,50.0,2.5,1.5,4.5,4.67,277.0,8.63,13.8,431.0,12200.0,379.0,66.7,23.8,22.9
10,Main,Fiora,2,2.6,0,2,2,1,1,50.0,5.0,4.0,2.5,1.88,320.5,9.4,14.8,434.0,21300.0,623.0,53.6,35.7,24.6
10,Main,Vel'Koz,2,2.6,0,2,2,0,2,0.0,1.5,3.0,1.0,0.83,248.5,8.95,10.0,359.0,13500.0,486.0,38.5,23.1,22.8
10,Main,Ziggs,2,2.6,0,2,1,0,2,0.0,1.0,3.5,0.5,0.43,250.0,7.88,11.1,350.0,19900.0,629.0,30.0,20.0,22.1
10,Main,Zilean,2,2.6,0,2,1,0,2,0.0,0.5,1.0,4.0,4.5,250.5,7.68,10.7,328.0,9500.0,290.0,60.0,6.7,20.8
10,Main,Karthus,2,2.6,1,1,1,0,1,0.0,3.0,6.0,7.0,1.67,242.0,7.43,11.6,355.0,25200.0,773.0,66.7,20.0,21.8
10,Main,Gnar,1,1.3,0,1,1,1,0,100.0,1.0,2.0,7.0,4.0,281.0,8.55,13.0,395.0,11700.0,356.0,50.0,6.3,20.0
10,Main,Maokai,1,1.3,0,1,1,1,0,100.0,1.0,3.0,8.0,3.0,245.0,8.17,11.0,368.0,16600.0,553.0,69.2,7.7,18.5
10,Main,Nocturne,1,1.3,0,1,1,1,0,100.0,5.0,3.0,5.0,3.33,266.0,8.27,13.3,415.0,10600.0,331.0,66.7,33.3,22.6
10,Main,Rengar,1,1.3,0,1,1,1,0,100.0,2.0,1.0,10.0,12.0,211.0,6.08,11.9,344.0,10600.0,306.0,60.0,10.0,18.4
10,Main,Singed,1,1.3,0,1,1,1,0,100.0,2.0,3.0,8.0,3.33,263.0,7.8,12.9,382.0,11500.0,341.0,66.7,13.3,20.6
10,Main,Vayne,1,1.3,0,1,1,1,0,100.0,11.0,1.0,2.0,13.0,238.0,7.93,14.1,469.0,12100.0,404.0,56.5,47.8,23.8
10,Main,Kayle,1,1.3,0,1,1,0,1,0.0,0.0,2.0,0.0,0.0,250.0,9.33,9.9,368.0,13400.0,499.0,0.0,0.0,23.3
10,Main,Kha'Zix,1,1.3,0,1,1,0,1,0.0,2.0,6.0,4.0,1.0,154.0,5.18,8.8,297.0,9800.0,330.0,100.0,33.3,18.8
10,Main,LeBlanc,1,1.3,0,1,1,0,1,0.0,2.0,4.0,4.0,1.5,289.0,7.83,13.7,371.0,11900.0,323.0,60.0,20.0,23.1
10,Main,Quinn,1,1.3,0,1,1,0,1,0.0,2.0,4.0,6.0,2.0,262.0,8.15,12.7,394.0,16800.0,523.0,88.9,22.2,22.1
10,Main,Ryze,1,1.3,0,1,1,0,1,0.0,1.0,4.0,4.0,1.25,177.0,7.45,7.7,324.0,5900.0,249.0,62.5,12.5,20.2
10,Main,Urgot,1,1.3,0,1,1,0,1,0.0,3.0,4.0,1.0,1.0,239.0,7.27,11.5,349.0,8000.0,243.0,66.7,50.0,22.1
10,Main,Morgana,1,1.3,1,0,0,0,0,0.0,0.0,0.0,0.0,0.0,0.0,0.0,0.0,0.0,0.0,0.0,0.0,0.0,0.0
11,Play in,Miss Fortune,37,97.4,8,29,10,16,13,55.2,4.69,2.17,5.21,4.56,281.55,9.5,13.2,446.0,16300.0,550.0,67.5,32.0,24.6
11,Play in,Lee Sin,36,94.7,15,21,8,11,10,52.4,2.95,3.33,6.29,2.77,163.43,5.64,9.9,342.0,9100.0,314.0,63.6,20.3,19.1
11,Play in,Irelia,36,94.7,26,10,5,5,5,50.0,1.9,3.5,4.0,1.69,265.0,8.71,12.0,394.0,11200.0,368.0,48.8,15.7,21.9
11,Play in,Lucian,35,92.1,21,14,7,6,8,42.9,4.29,3.29,5.29,2.91,275.29,8.93,12.8,416.0,15200.0,494.0,64.1,28.7,23.5
11,Play in,Leona,33,86.8,9,24,8,19,5,79.2,0.79,3.38,9.92,3.17,37.04,1.21,7.6,247.0,3900.0,127.0,60.2,4.4,12.9
11,Play in,Xin Zhao,29,76.3,14,15,7,5,10,33.3,2.87,3.6,5.4,2.3,161.93,5.19,10.1,323.0,10000.0,320.0,61.1,21.2,18.5
11,Play in,Ryze,26,68.4,17,9,5,4,5,44.4,3.56,3.44,5.11,2.52,276.0,8.66,13.0,406.0,12900.0,406.0,53.8,22.1,22.0
11,Play in,LeBlanc,26,68.4,20,6,5,2,4,33.3,2.0,2.5,4.17,2.47,221.0,7.95,10.1,364.0,15900.0,571.0,60.7,19.7,21.6
11,Play in,Kennen,24,63.2,16,8,5,4,4,50.0,3.63,3.88,4.75,2.16,228.13,7.3,12.0,384.0,17000.0,543.0,56.8,24.6,21.8
11,Play in,Camille,23,60.5,17,6,4,4,2,66.7,3.83,3.33,5.83,2.9,204.33,7.2,11.4,401.0,11200.0,393.0,60.4,24.0,22.0
11,Play in,Ezreal,22,57.9,8,14,7,6,8,42.9,4.14,2.64,3.64,2.95,293.07,9.35,13.4,427.0,21200.0,678.0,59.2,31.5,24.3
11,Play in,Rakan,22,57.9,8,14,7,6,8,42.9,0.57,3.0,8.79,3.12,39.5,1.3,7.1,235.0,4100.0,135.0,70.1,4.3,13.2
11,Play in,Sylas,22,57.9,9,13,8,6,7,46.2,3.46,3.38,5.85,2.75,233.15,7.93,11.4,387.0,15100.0,514.0,62.4,23.2,21.6
11,Play in,Amumu,22,57.9,11,11,7,3,8,27.3,0.82,4.45,7.27,1.82,32.45,1.12,6.5,225.0,4300.0,149.0,63.1,6.4,13.0
11,Play in,Jayce,18,47.4,7,11,7,3,8,27.3,3.0,3.64,4.27,2.0,238.91,7.7,12.1,390.0,17400.0,562.0,59.7,24.6,22.7
11,Play in,Qiyana,18,47.4,13,5,4,4,1,80.0,2.2,2.0,5.6,3.9,187.0,6.17,10.4,344.0,10700.0,354.0,59.1,16.7,18.5
11,Play in,Aphelios,17,44.7,10,7,7,5,2,71.4,4.14,1.29,4.86,7.0,262.86,9.74,12.8,473.0,13100.0,484.0,52.1,24.0,24.3
11,Play in,Zoe,16,42.1,11,5,5,3,2,60.0,2.6,1.4,5.4,5.71,250.8,7.68,11.9,364.0,17600.0,541.0,52.6,17.1,20.2
11,Play in,Lillia,15,39.5,7,8,5,4,4,50.0,4.25,2.88,6.25,3.65,218.63,6.76,12.2,378.0,15200.0,469.0,66.7,27.0,20.8
11,Play in,Gwen,15,39.5,10,5,3,3,2,60.0,2.2,2.0,7.2,4.7,227.2,7.49,11.5,379.0,15800.0,520.0,58.0,13.6,20.7
11,Play in,Tryndamere,14,36.8,9,5,4,3,2,60.0,3.8,1.2,5.8,8.0,268.6,9.23,12.9,443.0,12900.0,443.0,60.8,24.1,23.4
11,Play in,Braum,12,31.6,5,7,4,3,4,42.9,0.43,2.29,9.14,4.19,33.14,1.07,7.1,229.0,5600.0,180.0,61.5,2.8,12.9
11,Play in,Jarvan IV,12,31.6,6,6,6,3,3,50.0,3.33,3.5,8.0,3.24,182.17,6.13,10.5,354.0,9600.0,325.0,62.4,18.3,19.2
11,Play in,Twisted Fate,12,31.6,8,4,2,2,2,50.0,2.75,2.75,10.0,4.64,211.0,6.48,12.3,379.0,16000.0,493.0,79.7,17.2,21.2
11,Play in,Yone,12,31.6,8,4,3,0,4,0.0,1.5,4.5,4.5,1.33,254.0,7.75,11.6,356.0,11300.0,344.0,50.0,12.5,21.1
11,Play in,Talon,10,26.3,4,6,3,3,3,50.0,4.17,4.33,5.17,2.15,196.67,6.2,11.4,361.0,13300.0,418.0,63.6,28.4,20.1
11,Play in,Gnar,10,26.3,4,6,5,2,4,33.3,2.83,3.33,3.0,1.75,237.17,7.35,11.8,365.0,13200.0,409.0,47.9,23.3,21.3
11,Play in,Draven,10,26.3,9,1,1,1,0,100.0,10.0,2.0,4.0,7.0,353.0,9.64,20.5,561.0,28300.0,772.0,73.7,52.6,28.6
11,Play in,Nami,9,23.7,4,5,4,2,3,40.0,2.0,3.0,10.8,4.27,14.6,0.5,7.5,255.0,5900.0,201.0,88.9,13.9,14.6
11,Play in,Gangplank,9,23.7,5,4,3,1,3,25.0,3.75,3.5,3.5,2.07,199.5,7.96,11.1,442.0,15600.0,623.0,56.9,29.4,24.0
11,Play in,Orianna,7,18.4,2,5,4,2,3,40.0,3.4,2.6,4.6,3.08,318.0,9.45,14.3,424.0,17400.0,516.0,65.6,27.9,24.4
11,Play in,Syndra,7,18.4,3,4,2,4,0,100.0,2.5,2.75,10.0,4.55,245.25,8.34,11.9,404.0,13300.0,452.0,55.6,11.1,20.2
11,Play in,Nidalee,7,18.4,3,4,2,3,1,75.0,3.75,1.25,8.5,9.8,143.5,5.71,9.6,381.0,11200.0,444.0,80.3,24.6,19.9
11,Play in,Azir,6,15.8,2,4,2,3,1,75.0,1.5,1.5,2.5,2.67,278.25,10.04,11.9,429.0,13900.0,502.0,26.2,9.8,22.3
11,Play in,Thresh,6,15.8,2,4,4,2,2,50.0,1.0,2.75,8.75,3.55,28.25,1.06,6.7,250.0,2900.0,109.0,67.2,6.9,13.2
11,Play in,Poppy,6,15.8,5,1,1,1,0,100.0,2.0,3.0,7.0,3.0,183.0,6.98,9.8,375.0,11800.0,449.0,39.1,8.7,17.9
11,Play in,Wukong,5,13.2,0,5,5,3,2,60.0,4.6,1.8,4.2,4.89,205.0,7.11,11.3,393.0,10500.0,364.0,55.7,29.1,21.7
11,Play in,Graves,5,13.2,0,5,4,2,3,40.0,3.8,3.0,5.0,2.93,221.2,7.11,11.8,378.0,16900.0,544.0,64.7,27.9,21.2
11,Play in,Renekton,5,13.2,1,4,3,2,2,50.0,2.5,3.25,2.25,1.46,241.0,8.35,11.5,397.0,12400.0,428.0,38.8,20.4,21.8
11,Play in,Kai'Sa,5,13.2,2,3,2,2,1,66.7,6.0,2.0,4.0,5.0,288.33,9.14,14.0,444.0,16400.0,520.0,58.8,35.3,22.8
11,Play in,Jax,5,13.2,3,2,2,1,1,50.0,4.5,2.5,5.5,4.0,297.0,8.72,14.6,429.0,21100.0,620.0,71.4,32.1,23.7
11,Play in,Kassadin,5,13.2,5,0,0,0,0,0.0,0.0,0.0,0.0,0.0,0.0,0.0,0.0,0.0,0.0,0.0,0.0,0.0,0.0
11,Play in,Taliyah,4,10.5,1,3,2,3,0,100.0,6.33,2.0,8.33,7.33,198.67,7.11,12.0,429.0,11600.0,414.0,68.8,29.7,20.1
11,Play in,Aatrox,4,10.5,1,3,3,2,1,66.7,2.67,2.0,7.33,5.0,231.67,8.0,11.7,403.0,13900.0,479.0,62.5,16.7,21.4
11,Play in,Sett,4,10.5,1,3,3,2,1,66.7,2.67,3.33,5.33,2.4,198.0,6.68,10.5,353.0,11600.0,392.0,66.7,22.2,19.8
11,Play in,Olaf,4,10.5,1,3,2,1,2,33.3,6.33,3.0,4.67,3.67,202.0,6.5,12.0,385.0,16200.0,520.0,70.2,40.4,20.7
11,Play in,Galio,4,10.5,3,1,1,0,1,0.0,0.0,2.0,4.0,2.0,177.0,7.19,7.3,298.0,7400.0,302.0,80.0,0.0,20.2
11,Play in,Yuumi,4,10.5,4,0,0,0,0,0.0,0.0,0.0,0.0,0.0,0.0,0.0,0.0,0.0,0.0,0.0,0.0,0.0,0.0
11,Play in,Gragas,3,7.9,0,3,3,3,0,100.0,1.67,1.33,8.67,7.75,189.0,5.96,10.7,338.0,15000.0,474.0,70.5,11.4,17.4
11,Play in,Fiora,3,7.9,0,3,3,2,1,66.7,4.67,1.67,2.67,4.4,230.67,8.77,11.8,448.0,14300.0,543.0,57.9,36.8,24.3
11,Play in,Akali,3,7.9,0,3,3,1,2,33.3,1.33,3.0,2.33,1.22,203.67,7.85,9.0,345.0,9400.0,362.0,32.4,11.8,20.4
11,Play in,Kled,3,7.9,0,3,2,1,2,33.3,1.67,4.0,4.33,1.5,179.0,6.43,9.0,324.0,8400.0,301.0,41.9,11.6,18.8
11,Play in,Urgot,3,7.9,1,2,1,2,0,100.0,7.0,0.5,5.5,25.0,230.5,7.67,13.1,435.0,11200.0,372.0,64.1,35.9,22.3
11,Play in,Alistar,3,7.9,1,2,2,0,2,0.0,0.0,3.0,1.5,0.5,32.0,1.19,5.3,199.0,2500.0,94.0,33.3,0.0,13.0
11,Play in,Malphite,3,7.9,2,1,1,1,0,100.0,4.0,2.0,14.0,9.0,259.0,6.85,14.8,392.0,16000.0,424.0,69.2,15.4,19.7
11,Play in,Nocturne,3,7.9,2,1,1,1,0,100.0,2.0,3.0,12.0,4.67,168.0,5.98,10.5,373.0,11100.0,396.0,56.0,8.0,17.6
11,Play in,Sion,3,7.9,2,1,1,1,0,100.0,2.0,1.0,9.0,11.0,184.0,7.15,8.9,346.0,4400.0,171.0,57.9,10.5,18.3
11,Play in,Nautilus,3,7.9,2,1,1,0,1,0.0,0.0,4.0,2.0,0.5,37.0,1.46,5.0,197.0,2000.0,78.0,33.3,0.0,13.6
11,Play in,Ziggs,3,7.9,3,0,0,0,0,0.0,0.0,0.0,0.0,0.0,0.0,0.0,0.0,0.0,0.0,0.0,0.0,0.0,0.0
11,Play in,Senna,2,5.3,0,2,1,1,1,50.0,1.5,1.5,12.5,9.33,54.0,1.73,9.2,296.0,11900.0,381.0,84.8,9.1,16.7
11,Play in,Xayah,2,5.3,0,2,2,1,1,50.0,2.5,3.0,4.5,2.33,287.5,9.5,12.3,405.0,16800.0,556.0,46.7,16.7,22.5
11,Play in,Zed,2,5.3,0,2,2,1,1,50.0,1.5,3.0,1.5,1.0,191.0,7.09,8.9,331.0,9000.0,333.0,30.0,15.0,19.2
11,Play in,Trundle,2,5.3,0,2,2,0,2,0.0,1.0,4.5,6.0,1.56,97.0,3.04,8.0,251.0,7100.0,221.0,77.8,11.1,15.7
11,Play in,Tahm Kench,2,5.3,1,1,1,1,0,100.0,4.0,0.0,7.0,11.0,286.0,7.81,14.7,401.0,11700.0,319.0,57.9,21.1,20.5
11,Play in,Kalista,2,5.3,1,1,1,0,1,0.0,1.0,4.0,3.0,1.0,246.0,8.75,10.7,381.0,9800.0,349.0,44.4,11.1,20.9
11,Play in,Karma,2,5.3,1,1,1,0,1,0.0,1.0,3.0,3.0,1.33,35.0,0.86,8.3,203.0,9200.0,225.0,80.0,20.0,12.4
11,Play in,Ornn,2,5.3,1,1,1,0,1,0.0,1.0,2.0,3.0,2.0,183.0,7.28,7.9,313.0,8100.0,323.0,80.0,20.0,20.5
11,Play in,Rumble,2,5.3,1,1,1,0,1,0.0,6.0,2.0,5.0,5.5,268.0,8.24,12.7,391.0,21100.0,647.0,50.0,27.3,21.9
11,Play in,Sejuani,2,5.3,1,1,1,0,1,0.0,0.0,4.0,5.0,1.25,220.0,5.4,11.3,278.0,10600.0,260.0,100.0,0.0,17.1
11,Play in,Yasuo,2,5.3,2,0,0,0,0,0.0,0.0,0.0,0.0,0.0,0.0,0.0,0.0,0.0,0.0,0.0,0.0,0.0,0.0
11,Play in,Bard,1,2.6,0,1,1,1,0,100.0,1.0,0.0,10.0,11.0,22.0,0.64,8.6,250.0,5500.0,160.0,64.7,5.9,13.4
11,Play in,Lissandra,1,2.6,0,1,1,1,0,100.0,3.0,2.0,7.0,5.0,208.0,8.85,9.6,410.0,12800.0,544.0,47.6,14.3,19.4
11,Play in,Jhin,1,2.6,0,1,1,0,1,0.0,1.0,0.0,1.0,2.0,303.0,10.66,11.6,407.0,7100.0,248.0,50.0,25.0,26.5
11,Play in,Lulu,1,2.6,0,1,1,0,1,0.0,1.0,3.0,3.0,1.33,14.0,0.48,6.5,222.0,2800.0,97.0,80.0,20.0,14.2
11,Play in,Rell,1,2.6,0,1,1,0,1,0.0,1.0,2.0,8.0,4.5,28.0,1.09,5.9,230.0,4100.0,159.0,81.8,9.1,13.8
11,Play in,Shen,1,2.6,0,1,1,0,1,0.0,0.0,5.0,2.0,0.4,137.0,6.29,6.0,274.0,6800.0,312.0,25.0,0.0,17.7
11,Play in,Tristana,1,2.6,0,1,1,0,1,0.0,1.0,4.0,3.0,1.0,220.0,7.73,9.6,337.0,3600.0,125.0,66.7,16.7,21.2
11,Play in,Vayne,1,2.6,0,1,1,0,1,0.0,4.0,3.0,2.0,2.0,181.0,7.87,10.7,464.0,10300.0,449.0,66.7,44.4,28.0
11,Play in,Viego,1,2.6,0,1,1,0,1,0.0,3.0,3.0,3.0,2.0,128.0,5.57,9.2,402.0,11100.0,484.0,66.7,33.3,24.3
11,Play in,Seraphine,1,2.6,1,0,0,0,0,0.0,0.0,0.0,0.0,0.0,0.0,0.0,0.0,0.0,0.0,0.0,0.0,0.0,0.0
11,Main,Lee Sin,82,98.8,45,37,16,22,15,59.5,3.16,2.43,7.59,4.42,190.73,5.35,11.9,333.0,9100.0,256.0,73.0,21.5,18.6
11,Main,Twisted Fate,80,96.4,56,24,12,13,11,54.2,1.96,1.83,7.92,5.39,276.96,8.0,14.0,404.0,14400.0,416.0,70.5,14.0,22.4
11,Main,Yuumi,80,96.4,65,15,10,8,7,53.3,1.4,1.4,9.53,7.81,7.53,0.23,7.7,242.0,10400.0,324.0,79.6,10.2,13.6
11,Main,LeBlanc,74,89.2,51,23,12,13,10,56.5,4.13,1.91,5.26,4.91,288.87,8.32,13.8,397.0,20600.0,594.0,69.2,30.4,22.5
11,Main,Graves,65,78.3,29,36,15,21,15,58.3,2.94,2.44,4.19,2.92,305.94,9.34,14.0,427.0,15500.0,473.0,55.7,23.0,23.6
11,Main,Aphelios,65,78.3,34,31,11,19,12,61.3,3.71,2.03,4.0,3.79,311.94,9.33,14.5,433.0,15000.0,448.0,58.9,28.3,24.0
11,Main,Lucian,65,78.3,45,20,7,12,8,60.0,3.95,2.85,5.75,3.4,336.9,9.35,15.5,429.0,19500.0,542.0,67.8,27.6,24.0
11,Main,Jarvan IV,64,77.1,33,31,16,14,17,45.2,2.19,3.1,7.94,3.27,178.39,5.16,11.0,318.0,8400.0,243.0,82.8,17.9,18.1
11,Main,Miss Fortune,61,73.5,10,51,15,22,29,43.1,3.51,2.16,4.16,3.55,327.49,9.32,14.9,425.0,15700.0,446.0,58.4,26.7,24.2
11,Main,Ryze,56,67.5,32,24,11,11,13,45.8,2.96,2.58,5.04,3.1,299.54,8.94,13.6,408.0,11900.0,356.0,62.3,23.1,22.8
11,Main,Xin Zhao,55,66.3,25,30,13,10,20,33.3,1.9,3.53,5.33,2.05,169.5,4.98,10.3,304.0,9500.0,280.0,69.3,18.2,17.9
11,Main,Leona,54,65.1,22,32,14,11,21,34.4,0.69,3.22,6.28,2.17,38.06,1.13,7.4,222.0,3200.0,95.0,58.2,5.7,12.8
11,Main,Irelia,54,65.1,45,9,9,2,7,22.2,2.11,4.67,3.89,1.29,294.78,8.75,13.4,398.0,9400.0,281.0,62.8,22.1,23.3
11,Main,Kennen,51,61.4,29,22,14,16,6,72.7,4.27,3.36,6.73,3.27,279.55,7.53,14.6,392.0,18800.0,506.0,60.5,23.5,21.2
11,Main,Jayce,46,55.4,23,23,11,10,13,43.5,3.17,3.61,5.26,2.34,291.74,8.6,14.0,413.0,21500.0,635.0,65.1,24.5,23.4
11,Main,Rakan,45,54.2,16,29,14,18,11,62.1,0.83,2.59,10.59,4.41,40.17,1.14,8.3,235.0,4600.0,131.0,75.7,5.5,13.0
11,Main,Nami,33,39.8,20,13,5,7,6,53.8,0.85,2.23,10.08,4.9,17.0,0.48,8.2,232.0,6600.0,185.0,81.6,6.3,13.1
11,Main,Jhin,30,36.1,2,28,11,18,10,64.3,3.32,1.11,5.93,8.35,296.93,8.9,13.8,415.0,13300.0,399.0,65.1,23.4,22.8
11,Main,Thresh,30,36.1,18,12,9,7,5,58.3,0.42,2.17,8.83,4.27,33.42,0.99,7.8,231.0,3400.0,102.0,71.2,3.2,12.6
11,Main,Viego,25,30.1,7,18,9,10,8,55.6,3.56,2.11,6.94,4.97,199.78,5.56,12.3,341.0,10200.0,284.0,66.1,22.4,18.7
11,Main,Sylas,24,28.9,8,16,13,8,8,50.0,3.94,3.38,4.81,2.59,288.44,8.09,14.0,392.0,15100.0,424.0,65.4,29.4,22.3
11,Main,Syndra,24,28.9,9,15,8,10,5,66.7,4.2,2.0,6.93,5.57,298.27,8.31,14.4,400.0,18300.0,511.0,65.2,24.6,21.8
11,Main,Gwen,23,27.7,9,14,9,4,10,28.6,2.57,2.43,2.43,2.06,284.5,8.75,12.8,393.0,13600.0,417.0,52.2,26.9,22.9
11,Main,Talon,23,27.7,11,12,6,7,5,58.3,3.42,2.08,4.42,3.76,187.75,6.04,10.9,349.0,10000.0,323.0,68.1,29.7,19.7
11,Main,Zoe,22,26.5,8,14,8,9,5,64.3,3.07,1.57,5.0,5.14,260.79,7.81,12.3,370.0,16900.0,506.0,68.9,26.2,21.2
11,Main,Azir,22,26.5,12,10,6,4,6,40.0,3.4,3.4,4.8,2.41,294.9,8.39,13.6,387.0,18500.0,528.0,60.7,25.2,21.9
11,Main,Draven,22,26.5,18,4,3,1,3,25.0,2.75,2.0,2.75,2.75,319.0,9.24,14.9,431.0,10900.0,315.0,55.0,27.5,25.2
11,Main,Olaf,20,24.1,12,8,5,3,5,37.5,3.63,3.25,6.5,3.12,219.5,5.67,13.0,336.0,15400.0,398.0,64.3,23.0,19.1
11,Main,Lulu,19,22.9,3,16,6,9,7,56.3,0.75,2.13,7.38,3.82,18.0,0.53,7.9,234.0,3500.0,103.0,74.7,6.9,13.2
11,Main,Ezreal,19,22.9,8,11,8,6,5,54.5,3.82,2.09,4.82,4.13,286.82,8.94,13.4,419.0,19000.0,592.0,66.0,29.2,23.3
11,Main,Braum,19,22.9,8,11,9,4,7,36.4,0.36,3.45,6.55,2.0,35.0,1.05,7.3,220.0,5200.0,157.0,76.8,4.0,13.0
11,Main,Qiyana,19,22.9,9,10,5,7,3,70.0,4.3,2.5,5.9,4.08,216.3,6.23,12.6,362.0,13000.0,375.0,61.8,26.1,19.3
11,Main,Renekton,16,19.3,4,12,4,6,6,50.0,1.58,2.5,3.92,2.2,276.92,8.61,12.3,382.0,10700.0,332.0,55.5,16.0,22.2
11,Main,Camille,16,19.3,9,7,6,4,3,57.1,2.29,4.29,7.14,2.2,260.43,7.61,13.0,380.0,11500.0,335.0,61.7,15.0,20.8
11,Main,Orianna,15,18.1,3,12,9,4,8,33.3,1.92,2.08,3.5,2.6,274.75,8.76,11.9,380.0,12200.0,389.0,67.0,23.7,22.3
11,Main,Poppy,15,18.1,5,10,6,5,5,50.0,1.5,2.2,5.2,3.05,180.9,5.86,10.0,324.0,7600.0,247.0,58.3,13.0,18.2
11,Main,Ziggs,15,18.1,6,9,6,3,6,33.3,2.33,2.33,4.89,3.1,344.0,9.06,14.8,391.0,25600.0,674.0,55.6,17.9,22.7
11,Main,Nautilus,14,16.9,4,10,8,5,5,50.0,0.4,4.7,8.4,1.87,33.0,0.97,7.6,222.0,4100.0,119.0,62.9,2.9,12.3
11,Main,Rell,12,14.5,3,9,5,5,4,55.6,1.0,3.56,8.44,2.66,35.78,1.06,7.8,232.0,4400.0,131.0,59.9,6.3,12.8
11,Main,Trundle,11,13.3,5,6,4,3,3,50.0,1.83,2.33,7.0,3.79,153.5,4.45,10.6,308.0,6000.0,175.0,69.7,14.5,17.4
11,Main,Galio,11,13.3,8,3,2,1,2,33.3,2.67,3.33,7.67,3.1,225.33,6.06,12.1,325.0,12000.0,322.0,86.1,22.2,19.5
11,Main,Gnar,10,12.0,2,8,5,3,5,37.5,2.13,2.5,3.13,2.1,258.63,7.91,12.0,367.0,12900.0,396.0,51.2,20.7,21.5
11,Main,Kai'Sa,10,12.0,2,8,6,3,5,37.5,4.0,2.25,5.88,4.39,321.25,9.23,14.8,426.0,15400.0,444.0,69.9,28.3,24.4
11,Main,Sett,9,10.8,6,3,3,1,2,33.3,1.67,5.0,2.33,0.8,129.67,4.23,8.4,275.0,7600.0,246.0,46.2,19.2,16.6
11,Main,Tryndamere,9,10.8,6,3,3,0,3,0.0,5.0,4.33,4.67,2.23,386.33,8.72,19.3,436.0,23800.0,537.0,67.4,34.9,25.2
11,Main,Lissandra,8,9.6,3,5,3,4,1,80.0,1.6,1.6,7.0,5.38,260.6,8.51,11.9,388.0,12100.0,395.0,67.2,12.5,20.7
11,Main,Jax,7,8.4,0,7,6,3,4,42.9,2.57,3.29,3.71,1.91,283.14,8.17,13.9,400.0,12100.0,350.0,51.2,20.9,22.8
11,Main,Gragas,7,8.4,1,6,5,2,4,33.3,2.67,4.17,7.67,2.48,202.33,5.59,11.7,323.0,13300.0,367.0,63.9,16.5,18.7
11,Main,Wukong,7,8.4,4,3,2,2,1,66.7,4.67,4.67,7.67,2.64,330.67,7.05,18.7,399.0,18800.0,401.0,56.1,21.2,21.9
11,Main,Amumu,7,8.4,6,1,1,1,0,100.0,2.0,4.0,10.0,3.0,31.0,0.81,9.4,245.0,6000.0,155.0,52.2,8.7,12.5
11,Main,Alistar,5,6.0,0,5,5,2,3,40.0,1.2,3.8,8.0,2.42,36.8,0.95,8.4,216.0,4900.0,126.0,82.1,10.7,12.9
11,Main,Yasuo,5,6.0,1,4,4,2,2,50.0,3.25,2.5,5.75,3.6,344.25,9.4,15.3,418.0,9700.0,264.0,67.9,24.5,23.6
11,Main,Malzahar,5,6.0,2,3,3,2,1,66.7,3.33,2.0,6.0,4.67,283.33,8.6,13.6,413.0,13000.0,394.0,65.1,23.3,22.9
11,Main,Gangplank,5,6.0,3,2,2,2,0,100.0,5.0,3.5,10.0,4.29,392.5,8.22,21.3,445.0,34100.0,715.0,75.0,25.0,25.1
11,Main,Malphite,5,6.0,3,2,2,0,2,0.0,0.0,3.0,1.0,0.33,208.0,7.25,8.5,298.0,5700.0,197.0,28.6,0.0,19.7
11,Main,Urgot,5,6.0,5,0,0,0,0,0.0,0.0,0.0,0.0,0.0,0.0,0.0,0.0,0.0,0.0,0.0,0.0,0.0,0.0
11,Main,Aatrox,4,4.8,1,3,3,2,1,66.7,2.67,1.33,3.67,4.75,293.33,8.25,13.9,390.0,10800.0,304.0,51.4,21.6,21.6
11,Main,Tristana,4,4.8,1,3,2,2,1,66.7,3.0,1.67,3.67,4.0,305.0,9.62,13.4,424.0,9900.0,311.0,57.1,25.7,23.1
11,Main,Rumble,4,4.8,1,3,2,1,2,33.3,1.0,3.33,3.33,1.3,248.67,7.83,11.1,351.0,13100.0,414.0,52.0,12.0,20.6
11,Main,Fiddlesticks,4,4.8,2,2,1,1,1,50.0,4.0,4.5,6.0,2.22,196.5,5.04,12.4,317.0,13400.0,345.0,66.7,26.7,18.1
11,Main,Jinx,4,4.8,3,1,1,0,1,0.0,0.0,3.0,2.0,0.67,308.0,10.13,11.6,380.0,11400.0,376.0,66.7,0.0,23.6
11,Main,Taliyah,4,4.8,3,1,1,0,1,0.0,2.0,5.0,3.0,1.0,191.0,5.45,10.8,308.0,10500.0,299.0,55.6,22.2,18.0
11,Main,Zilean,3,3.6,0,3,2,2,1,66.7,0.33,1.33,13.0,10.0,40.0,1.1,8.8,240.0,2200.0,60.0,88.9,2.2,13.1
11,Main,Pyke,3,3.6,0,3,3,1,2,33.3,4.33,5.0,6.33,2.13,47.67,1.32,10.8,298.0,7300.0,203.0,59.3,24.1,16.7
11,Main,Shen,3,3.6,0,3,3,1,2,33.3,1.33,3.0,9.67,3.67,45.33,1.19,9.1,238.0,4300.0,113.0,82.5,10.0,13.5
11,Main,Viktor,3,3.6,0,3,2,0,3,0.0,4.33,4.0,5.0,2.33,373.0,8.75,17.2,403.0,31600.0,741.0,65.1,30.2,24.1
11,Main,Annie,3,3.6,1,2,1,1,1,50.0,3.0,3.0,9.0,4.0,156.5,5.56,9.3,330.0,11100.0,396.0,77.4,19.4,18.0
11,Main,Varus,3,3.6,1,2,1,0,2,0.0,0.5,3.0,0.5,0.33,251.5,8.4,10.0,332.0,18000.0,600.0,66.7,33.3,22.2
11,Main,Fiora,2,2.4,0,2,1,2,0,100.0,5.0,1.0,4.5,9.5,322.0,10.12,14.5,456.0,12300.0,386.0,51.4,27.0,23.8
11,Main,Lillia,2,2.4,0,2,2,1,1,50.0,3.5,4.0,5.0,2.13,151.0,6.67,9.0,396.0,10000.0,443.0,89.5,36.8,21.6
11,Main,Maokai,2,2.4,0,2,1,1,1,50.0,1.0,3.5,7.5,2.43,51.0,1.53,8.0,240.0,13800.0,413.0,68.0,8.0,13.5
11,Main,Kassadin,2,2.4,1,1,1,1,0,100.0,8.0,2.0,8.0,8.0,321.0,8.24,17.9,458.0,32800.0,843.0,76.2,38.1,23.4
11,Main,Kalista,2,2.4,1,1,1,0,1,0.0,6.0,4.0,11.0,4.25,395.0,8.41,20.5,435.0,23900.0,509.0,89.5,31.6,25.4
11,Main,Xayah,2,2.4,1,1,1,0,1,0.0,0.0,5.0,5.0,1.0,306.0,8.36,12.5,342.0,8800.0,240.0,33.3,0.0,19.7
11,Main,Ashe,1,1.2,0,1,1,0,1,0.0,2.0,6.0,5.0,1.17,226.0,7.33,11.1,358.0,12600.0,410.0,53.8,15.4,20.5
11,Main,Sejuani,1,1.2,0,1,1,0,1,0.0,4.0,3.0,11.0,5.0,169.0,4.39,11.5,298.0,12600.0,326.0,100.0,26.7,17.4
11,Main,Seraphine,1,1.2,0,1,1,0,1,0.0,2.0,1.0,8.0,10.0,302.0,8.1,14.4,386.0,12200.0,326.0,90.9,18.2,23.5
11,Main,Shaco,1,1.2,0,1,1,0,1,0.0,0.0,4.0,1.0,0.25,125.0,4.62,6.7,247.0,3800.0,141.0,25.0,0.0,17.1
11,Main,Yone,1,1.2,0,1,1,0,1,0.0,2.0,3.0,4.0,2.0,291.0,8.3,14.0,400.0,8600.0,245.0,66.7,22.2,23.4
11,Main,Vladimir,1,1.2,1,0,0,0,0,0.0,0.0,0.0,0.0,0.0,0.0,0.0,0.0,0.0,0.0,0.0,0.0,0.0,0.0
12,Play in,Aatrox,45,95.7,21,24,12,17,7,70.8,3.71,2.63,6.17,3.76,254.63,8.0,12.8,403.0,18100.0,568.0,57.8,21.7,21.4
12,Play in,Sylas,39,83.0,21,18,9,12,6,66.7,4.78,2.56,6.11,4.26,258.89,8.18,13.2,416.0,16200.0,511.0,70.8,31.0,22.5
12,Play in,Kalista,37,78.7,30,7,7,3,4,42.9,4.29,3.14,4.71,2.86,264.86,8.75,12.7,421.0,12300.0,407.0,58.3,27.8,23.6
12,Play in,Maokai,35,74.5,13,22,11,15,7,68.2,2.09,2.77,8.64,3.87,145.86,4.52,10.1,313.0,12800.0,396.0,67.6,13.2,16.9
12,Play in,Sejuani,34,72.3,15,19,10,8,11,42.1,1.68,2.74,7.89,3.5,159.47,5.14,9.7,312.0,9800.0,315.0,70.0,12.3,17.7
12,Play in,Hecarim,31,66.0,17,14,7,7,7,50.0,3.43,3.93,6.93,2.64,175.43,5.86,10.8,362.0,10700.0,357.0,72.5,24.0,19.9
12,Play in,Caitlyn,28,59.6,24,4,4,0,4,0.0,3.0,1.75,2.5,3.14,322.25,9.58,14.1,418.0,21000.0,624.0,64.7,35.3,25.3
12,Play in,Kai'Sa,27,57.4,10,17,11,9,8,52.9,5.88,1.76,5.29,6.33,296.06,9.61,14.6,473.0,17100.0,556.0,68.3,36.0,25.6
12,Play in,Miss Fortune,26,55.3,9,17,9,8,9,47.1,3.76,2.71,6.24,3.7,298.29,9.39,13.9,437.0,18800.0,593.0,68.5,25.8,24.3
12,Play in,Amumu,26,55.3,13,13,7,10,3,76.9,1.31,3.92,12.15,3.43,35.23,1.11,7.9,249.0,5800.0,181.0,66.8,6.5,13.0
12,Play in,Azir,25,53.2,14,11,6,5,6,45.5,3.91,2.64,5.18,3.45,274.45,9.24,12.4,418.0,22200.0,746.0,67.1,28.9,23.3
12,Play in,Gnar,24,51.1,8,16,6,9,7,56.3,2.19,3.06,7.06,3.02,246.0,7.67,12.4,386.0,18000.0,561.0,57.4,13.6,21.1
12,Play in,Aphelios,24,51.1,12,12,8,6,6,50.0,5.08,2.42,4.33,3.9,282.5,9.4,13.6,452.0,17900.0,597.0,64.6,34.9,25.1
12,Play in,Graves,24,51.1,16,8,6,4,4,50.0,3.63,2.0,6.25,4.94,217.38,7.17,12.2,402.0,15200.0,502.0,71.2,26.1,21.8
12,Play in,Leona,23,48.9,5,18,10,8,10,44.4,0.67,3.89,8.61,2.39,35.28,1.12,7.4,235.0,3800.0,120.0,69.3,5.0,13.0
12,Play in,LeBlanc,23,48.9,15,8,6,4,4,50.0,4.13,2.0,4.63,4.38,257.25,7.63,13.1,389.0,19500.0,579.0,63.6,30.0,21.8
12,Play in,Yuumi,23,48.9,17,6,4,4,2,66.7,1.0,1.5,11.33,8.22,10.17,0.31,7.7,240.0,16400.0,508.0,87.1,7.1,13.6
12,Play in,Nautilus,22,46.8,13,9,8,2,7,22.2,0.33,5.0,6.22,1.31,34.0,1.16,6.5,220.0,4200.0,144.0,71.1,3.6,13.2
12,Play in,Akali,19,40.4,10,9,6,6,3,66.7,5.44,2.44,4.33,4.0,282.0,8.41,14.1,419.0,20500.0,612.0,56.8,31.6,22.8
12,Play in,Taliyah,19,40.4,10,9,6,2,7,22.2,3.11,3.11,4.89,2.57,266.33,8.85,11.9,395.0,19800.0,657.0,75.8,29.5,23.1
12,Play in,Alistar,18,38.3,7,11,7,4,7,36.4,0.18,3.82,7.91,2.12,29.82,0.96,6.7,214.0,4200.0,136.0,63.6,1.4,12.3
12,Play in,Trundle,18,38.3,9,9,4,4,5,44.4,1.78,3.0,9.44,3.74,134.67,4.27,9.6,306.0,7700.0,246.0,69.2,11.0,17.0
12,Play in,Draven,17,36.2,15,2,1,0,2,0.0,2.5,3.0,1.5,1.33,270.5,8.74,13.2,426.0,16700.0,539.0,61.5,38.5,26.3
12,Play in,Viktor,14,29.8,4,10,8,5,5,50.0,2.7,2.9,4.6,2.52,265.9,8.69,12.7,415.0,20500.0,670.0,56.6,20.9,23.2
12,Play in,Seraphine,14,29.8,8,6,3,2,4,33.3,2.67,2.33,7.5,4.36,268.5,8.56,12.1,386.0,15600.0,497.0,80.3,21.1,22.0
12,Play in,Ornn,13,27.7,9,4,3,1,3,25.0,1.0,3.75,6.0,1.87,198.75,6.51,9.3,305.0,11300.0,371.0,56.0,8.0,17.9
12,Play in,Tristana,11,23.4,3,8,4,6,2,75.0,4.75,2.25,5.88,4.72,331.75,10.06,15.6,472.0,20200.0,612.0,73.3,32.8,25.2
12,Play in,Fiora,11,23.4,6,5,4,3,2,60.0,1.8,2.8,3.2,1.79,264.4,8.78,11.9,395.0,14500.0,481.0,36.2,13.0,21.0
12,Play in,Poppy,11,23.4,9,2,2,1,1,50.0,1.0,4.0,7.5,2.13,106.0,4.06,7.7,297.0,7300.0,279.0,54.8,6.5,16.0
12,Play in,Lee Sin,10,21.3,4,6,4,4,2,66.7,1.83,1.83,8.0,5.36,174.5,5.75,10.3,340.0,6900.0,226.0,72.8,13.6,18.4
12,Play in,Kennen,10,21.3,4,6,3,3,3,50.0,2.5,3.83,3.67,1.61,234.17,7.36,12.1,379.0,17300.0,543.0,49.3,20.0,21.2
12,Play in,Tahm Kench,10,21.3,5,5,4,5,0,100.0,0.8,1.0,9.0,9.8,36.4,1.25,7.6,261.0,5000.0,172.0,62.0,5.1,13.0
12,Play in,Galio,9,19.1,3,6,4,1,5,16.7,1.17,3.17,8.33,3.0,226.33,7.6,10.2,344.0,14100.0,475.0,79.2,9.7,20.4
12,Play in,Lissandra,9,19.1,4,5,4,2,3,40.0,2.8,2.2,5.6,3.82,245.0,8.61,11.5,404.0,10700.0,377.0,60.0,20.0,22.2
12,Play in,Vi,9,19.1,5,4,3,1,3,25.0,2.0,2.5,3.25,2.1,177.5,4.88,10.6,290.0,6100.0,167.0,70.0,26.7,17.2
12,Play in,Renekton,9,19.1,7,2,2,0,2,0.0,1.0,3.0,3.5,1.5,266.0,7.99,11.4,342.0,13500.0,405.0,69.2,15.4,21.4
12,Play in,Viego,8,17.0,0,8,4,5,3,62.5,3.5,2.5,6.5,4.0,155.0,5.47,10.3,362.0,9700.0,342.0,67.8,23.7,19.3
12,Play in,Vex,8,17.0,2,6,3,3,3,50.0,3.67,3.0,7.17,3.61,261.33,8.22,13.5,424.0,20500.0,645.0,71.4,24.2,22.6
12,Play in,Braum,8,17.0,3,5,4,1,4,20.0,0.6,3.8,5.8,1.68,34.0,1.15,6.6,222.0,4100.0,137.0,61.5,5.8,12.9
12,Play in,Jax,8,17.0,3,5,3,1,4,20.0,3.0,3.6,1.8,1.33,268.0,8.09,13.2,399.0,13900.0,421.0,45.3,28.3,23.5
12,Play in,Ezreal,8,17.0,4,4,4,3,1,75.0,3.0,0.5,3.5,13.0,237.25,9.29,11.3,441.0,15700.0,615.0,53.1,24.5,23.0
12,Play in,Gwen,8,17.0,4,4,3,1,3,25.0,3.0,2.75,1.5,1.64,262.5,8.39,12.3,394.0,15900.0,509.0,52.9,35.3,22.9
12,Play in,Rell,7,14.9,3,4,4,3,1,75.0,0.25,2.25,10.5,4.78,35.0,1.05,7.7,231.0,3500.0,106.0,61.4,1.4,12.3
12,Play in,Camille,7,14.9,3,4,4,1,3,25.0,3.0,5.0,3.75,1.35,231.5,7.5,11.6,375.0,17000.0,551.0,56.3,25.0,22.1
12,Play in,Xayah,7,14.9,4,3,3,0,3,0.0,1.33,2.67,2.33,1.38,275.33,9.39,11.0,376.0,10500.0,357.0,61.1,22.2,24.0
12,Play in,Pantheon,7,14.9,6,1,1,0,1,0.0,5.0,4.0,6.0,2.75,178.0,5.33,11.8,354.0,19200.0,573.0,78.6,35.7,19.8
12,Play in,Sett,6,12.8,0,6,6,2,4,33.3,2.67,4.83,7.33,2.07,58.17,2.03,7.8,271.0,9900.0,344.0,60.6,16.2,14.8
12,Play in,Bel'Veth,6,12.8,3,3,1,2,1,66.7,7.33,1.0,7.67,15.0,213.0,7.06,14.0,465.0,13800.0,458.0,88.2,43.1,24.0
12,Play in,Renata Glasc,6,12.8,3,3,2,1,2,33.3,0.33,2.33,8.0,3.57,23.67,0.86,6.6,239.0,4800.0,173.0,78.1,3.1,13.9
12,Play in,Swain,6,12.8,4,2,2,1,1,50.0,2.5,3.0,8.0,3.5,234.5,7.25,11.5,356.0,18200.0,563.0,80.8,19.2,20.0
12,Play in,Ahri,6,12.8,5,1,1,1,0,100.0,3.0,3.0,6.0,3.0,338.0,8.4,16.0,397.0,18100.0,450.0,50.0,16.7,21.9
12,Play in,Sivir,5,10.6,0,5,3,4,1,80.0,4.8,2.0,6.8,5.8,336.4,10.34,15.3,469.0,20900.0,643.0,78.4,32.4,26.0
12,Play in,Lillia,5,10.6,1,4,3,1,3,25.0,2.25,3.0,5.5,2.58,237.0,7.75,11.2,367.0,14600.0,478.0,62.0,18.0,21.4
12,Play in,Yone,5,10.6,2,3,2,2,1,66.7,3.67,2.0,5.33,4.5,295.67,9.65,13.4,437.0,16800.0,548.0,57.4,23.4,23.4
12,Play in,Varus,4,8.5,0,4,3,4,0,100.0,5.75,1.75,5.75,6.57,288.5,9.48,14.4,473.0,16800.0,553.0,62.2,31.1,23.8
12,Play in,Thresh,4,8.5,2,2,1,2,0,100.0,1.0,0.5,13.0,28.0,35.0,1.15,8.0,261.0,3700.0,122.0,73.7,5.3,13.3
12,Play in,Mordekaiser,4,8.5,2,2,2,1,1,50.0,4.5,1.5,7.0,7.67,242.5,7.91,13.4,437.0,16300.0,533.0,63.9,25.0,22.4
12,Play in,Olaf,4,8.5,3,1,1,1,0,100.0,9.0,6.0,4.0,2.17,362.0,8.08,21.5,481.0,33400.0,746.0,72.2,50.0,25.9
12,Play in,Jarvan IV,4,8.5,3,1,1,0,1,0.0,0.0,5.0,11.0,2.2,154.0,4.15,9.7,261.0,11500.0,310.0,100.0,0.0,16.0
12,Play in,Shen,3,6.4,0,3,3,2,1,66.7,0.0,1.33,6.67,5.0,35.0,1.27,6.4,232.0,3100.0,111.0,57.1,0.0,12.5
12,Play in,Wukong,3,6.4,0,3,3,1,2,33.3,5.0,3.0,6.67,3.89,174.33,5.38,12.0,370.0,13100.0,403.0,81.4,34.9,21.5
12,Play in,Gangplank,3,6.4,1,2,1,2,0,100.0,5.0,1.0,7.0,12.0,204.5,8.24,13.0,524.0,18700.0,752.0,58.5,24.4,24.5
12,Play in,Zac,3,6.4,1,2,1,1,1,50.0,1.5,2.5,8.0,3.8,220.5,6.52,11.6,342.0,10700.0,316.0,67.9,10.7,19.2
12,Play in,Morgana,3,6.4,1,2,2,0,2,0.0,0.0,5.0,9.5,1.9,23.0,0.6,8.1,210.0,7300.0,190.0,73.1,0.0,12.3
12,Play in,Nilah,3,6.4,1,2,2,0,2,0.0,2.5,2.0,5.0,3.75,354.5,9.65,15.1,411.0,14900.0,406.0,75.0,25.0,25.3
12,Play in,Rakan,3,6.4,1,2,2,0,2,0.0,0.0,3.5,6.0,1.71,37.0,1.17,6.5,207.0,2600.0,81.0,80.0,0.0,13.0
12,Play in,Zoe,3,6.4,2,1,1,1,0,100.0,5.0,0.0,11.0,16.0,196.0,8.52,10.2,443.0,16200.0,704.0,76.2,23.8,21.8
12,Play in,Taric,2,4.3,1,1,1,1,0,100.0,0.0,3.0,17.0,5.67,45.0,1.27,8.9,251.0,3400.0,97.0,68.0,0.0,13.4
12,Play in,Irelia,2,4.3,1,1,1,0,1,0.0,0.0,4.0,2.0,0.5,193.0,7.74,7.5,301.0,6800.0,272.0,66.7,0.0,20.3
12,Play in,Lux,2,4.3,1,1,1,0,1,0.0,0.0,3.0,0.0,0.0,30.0,1.02,5.9,202.0,6500.0,222.0,0.0,0.0,13.0
12,Play in,Samira,2,4.3,1,1,1,0,1,0.0,1.0,4.0,7.0,2.0,298.0,9.68,11.8,382.0,9400.0,306.0,66.7,8.3,23.6
12,Play in,Karma,2,4.3,2,0,0,0,0,0.0,0.0,0.0,0.0,0.0,0.0,0.0,0.0,0.0,0.0,0.0,0.0,0.0,0.0
12,Play in,Gragas,1,2.1,0,1,1,1,0,100.0,3.0,0.0,6.0,9.0,271.0,8.25,13.3,405.0,20000.0,609.0,39.1,13.0,20.1
12,Play in,Jinx,1,2.1,0,1,1,1,0,100.0,3.0,1.0,7.0,10.0,292.0,9.14,13.3,417.0,17000.0,532.0,62.5,18.8,20.4
12,Play in,Lucian,1,2.1,0,1,1,1,0,100.0,7.0,0.0,7.0,14.0,372.0,10.52,18.5,524.0,29500.0,835.0,82.4,41.2,25.7
12,Play in,Nami,1,2.1,0,1,1,1,0,100.0,0.0,1.0,14.0,14.0,15.0,0.42,8.8,248.0,4300.0,122.0,82.4,0.0,12.2
12,Play in,Syndra,1,2.1,0,1,1,1,0,100.0,6.0,1.0,13.0,19.0,220.0,8.42,12.7,486.0,18600.0,712.0,57.6,18.2,20.1
12,Play in,Vayne,1,2.1,0,1,1,1,0,100.0,6.0,3.0,4.0,3.33,163.0,6.62,10.4,424.0,12900.0,524.0,58.8,35.3,20.6
12,Play in,Ashe,1,2.1,0,1,1,0,1,0.0,4.0,7.0,7.0,1.57,217.0,7.52,11.3,392.0,21300.0,738.0,61.1,22.2,22.3
12,Play in,Garen,1,2.1,0,1,1,0,1,0.0,5.0,5.0,1.0,1.2,203.0,6.59,10.9,353.0,10300.0,334.0,50.0,41.7,21.8
12,Play in,Rumble,1,2.1,0,1,1,0,1,0.0,0.0,2.0,5.0,2.5,309.0,8.18,13.2,349.0,14400.0,381.0,71.4,0.0,21.6
12,Play in,Sion,1,2.1,0,1,1,0,1,0.0,1.0,4.0,1.0,0.5,215.0,8.23,8.6,331.0,8700.0,333.0,33.3,16.7,21.9
12,Play in,Soraka,1,2.1,0,1,1,0,1,0.0,1.0,4.0,11.0,3.0,13.0,0.32,8.3,207.0,3600.0,90.0,85.7,7.1,12.4
12,Play in,Teemo,1,2.1,0,1,1,0,1,0.0,1.0,9.0,3.0,0.44,145.0,5.55,7.4,285.0,13500.0,516.0,66.7,16.7,18.8
12,Play in,Tryndamere,1,2.1,0,1,1,0,1,0.0,2.0,4.0,1.0,0.75,323.0,9.13,13.5,382.0,12500.0,353.0,75.0,50.0,24.4
12,Play in,Vladimir,1,2.1,0,1,1,0,1,0.0,2.0,1.0,0.0,2.0,206.0,8.09,8.5,334.0,10200.0,401.0,33.3,33.3,22.6
12,Play in,Xin Zhao,1,2.1,0,1,1,0,1,0.0,2.0,4.0,1.0,0.75,139.0,5.41,7.7,299.0,6600.0,256.0,75.0,50.0,19.2
12,Play in,Zilean,1,2.1,0,1,1,0,1,0.0,3.0,5.0,2.0,1.0,176.0,6.03,9.3,319.0,13200.0,452.0,50.0,30.0,20.8
12,Play in,Nocturne,1,2.1,1,0,0,0,0,0.0,0.0,0.0,0.0,0.0,0.0,0.0,0.0,0.0,0.0,0.0,0.0,0.0,0.0
12,Play in,Pyke,1,2.1,1,0,0,0,0,0.0,0.0,0.0,0.0,0.0,0.0,0.0,0.0,0.0,0.0,0.0,0.0,0.0,0.0
12,Main,Aatrox,80,100.0,58,22,12,12,10,54.5,2.73,2.59,4.59,2.82,255.64,7.97,12.3,383.0,16200.0,504.0,55.5,20.7,21.1
12,Main,Yuumi,76,95.0,68,8,6,8,0,100.0,1.63,1.13,13.88,13.78,7.5,0.23,8.4,263.0,13200.0,413.0,88.6,9.3,13.7
12,Main,Sejuani,72,90.0,42,30,17,16,14,53.3,2.03,2.6,7.27,3.58,178.57,5.73,10.4,333.0,11400.0,366.0,70.3,15.4,18.5
12,Main,Caitlyn,70,87.5,62,8,5,5,3,62.5,3.25,1.88,4.25,4.0,307.38,9.29,14.0,423.0,16400.0,495.0,58.3,25.2,23.7
12,Main,Azir,66,82.5,29,37,13,19,18,51.4,2.95,1.81,4.3,4.0,296.3,9.35,13.4,423.0,20500.0,646.0,61.8,25.1,23.9
12,Main,Sylas,60,75.0,28,32,10,21,11,65.6,3.56,2.16,4.19,3.59,263.91,8.59,12.8,416.0,15200.0,495.0,56.4,25.9,22.3
12,Main,Graves,59,73.8,34,25,11,12,13,48.0,3.16,2.36,5.96,3.86,237.92,7.32,12.9,397.0,14700.0,451.0,72.8,25.2,21.7
12,Main,Maokai,56,70.0,35,21,14,7,14,33.3,1.19,3.14,5.62,2.17,175.71,5.94,9.2,309.0,13200.0,446.0,66.2,11.6,17.9
12,Main,Lucian,55,68.8,29,26,9,15,11,57.7,5.12,1.58,4.58,6.15,296.85,9.55,14.8,478.0,22600.0,726.0,71.4,37.7,25.8
12,Main,Viego,48,60.0,18,30,9,19,11,63.3,3.57,2.13,5.6,4.3,173.6,5.45,11.2,351.0,9800.0,309.0,66.9,26.0,19.1
12,Main,Akali,48,60.0,24,24,11,12,12,50.0,3.67,2.17,3.33,3.23,259.58,8.44,12.1,392.0,15200.0,495.0,52.5,27.5,21.5
12,Main,Fiora,42,52.5,23,19,10,9,10,47.4,2.63,2.0,3.16,2.89,269.53,8.7,12.4,401.0,14300.0,461.0,48.0,21.8,22.3
12,Main,Renata Glasc,41,51.2,20,21,10,13,8,61.9,1.0,2.38,9.0,4.2,22.81,0.73,7.6,243.0,5300.0,169.0,73.2,7.3,13.5
12,Main,Aphelios,39,48.8,8,31,10,17,14,54.8,3.97,2.06,4.48,4.09,288.03,9.41,13.4,438.0,17800.0,580.0,65.2,30.6,24.4
12,Main,Renekton,39,48.8,23,16,9,5,11,31.3,2.44,3.44,3.94,1.85,271.63,8.11,12.9,386.0,14500.0,433.0,52.6,20.1,21.8
12,Main,Viktor,35,43.8,16,19,10,6,13,31.6,2.26,3.37,4.53,2.02,293.42,8.59,13.4,392.0,22900.0,670.0,66.5,22.2,22.7
12,Main,Kalista,31,38.8,13,18,10,7,11,38.9,3.44,2.72,4.22,2.82,301.89,9.18,14.0,425.0,13700.0,416.0,63.6,28.6,24.4
12,Main,Ornn,31,38.8,15,16,11,9,7,56.3,1.31,2.19,5.75,3.23,229.44,7.04,11.0,337.0,13800.0,422.0,57.4,10.7,19.2
12,Main,Nami,27,33.8,1,26,9,15,11,57.7,0.85,2.27,9.85,4.71,13.42,0.43,7.7,247.0,6200.0,199.0,78.8,6.2,13.4
12,Main,Varus,27,33.8,8,19,10,9,10,47.4,3.21,2.16,4.42,3.54,295.32,8.97,13.7,416.0,18600.0,566.0,62.5,26.3,23.7
12,Main,Lee Sin,23,28.7,8,15,9,7,8,46.7,1.47,2.87,6.13,2.65,159.33,5.01,9.7,306.0,8200.0,257.0,64.8,12.5,17.6
12,Main,Poppy,22,27.5,9,13,9,4,9,30.8,1.0,2.23,5.77,3.03,145.62,4.8,8.9,294.0,7800.0,257.0,69.3,10.2,17.1
12,Main,LeBlanc,22,27.5,14,8,4,3,5,37.5,3.5,1.0,4.25,7.75,241.63,7.98,12.1,401.0,20500.0,678.0,61.4,27.7,22.8
12,Main,Camille,21,26.3,10,11,5,8,3,72.7,3.64,2.64,5.91,3.62,268.64,7.7,13.8,394.0,17500.0,502.0,66.5,25.3,21.4
12,Main,Heimerdinger,21,26.3,13,8,3,4,4,50.0,0.88,3.38,6.25,2.11,35.63,1.02,8.8,253.0,14900.0,427.0,54.8,6.7,13.8
12,Main,Vi,18,22.5,6,12,8,6,6,50.0,1.67,3.08,7.58,3.0,148.25,4.97,9.4,316.0,7100.0,237.0,66.1,11.9,17.3
12,Main,Nautilus,18,22.5,11,7,6,1,6,14.3,0.71,4.43,5.0,1.29,35.57,1.02,7.1,204.0,3800.0,109.0,57.1,7.1,12.1
12,Main,Lulu,16,20.0,1,15,7,8,7,53.3,0.53,2.2,7.8,3.79,15.53,0.49,7.4,233.0,4500.0,141.0,66.1,4.2,12.9
12,Main,Jax,16,20.0,5,11,7,5,6,45.5,1.73,2.45,3.36,2.07,245.55,7.9,11.6,373.0,10800.0,347.0,45.9,15.6,21.3
12,Main,Jarvan IV,16,20.0,8,8,6,2,6,25.0,1.38,4.13,6.5,1.91,148.5,4.54,9.4,286.0,7800.0,240.0,90.0,15.7,16.9
12,Main,Gragas,14,17.5,3,11,7,8,3,72.7,2.0,2.09,6.45,4.04,209.91,6.53,11.1,346.0,14500.0,452.0,58.1,13.8,18.8
12,Main,Gnar,14,17.5,5,9,5,4,5,44.4,1.56,3.44,3.44,1.45,246.89,8.23,11.2,373.0,12900.0,429.0,45.0,14.0,20.9
12,Main,Taliyah,14,17.5,7,7,4,3,4,42.9,2.14,3.0,5.57,2.57,257.71,8.18,11.6,368.0,14300.0,455.0,70.1,19.5,21.2
12,Main,Lissandra,14,17.5,9,5,4,3,2,60.0,1.6,2.8,7.8,3.36,216.8,7.82,10.6,382.0,11500.0,414.0,69.1,11.8,20.3
12,Main,Kai'Sa,13,16.3,5,8,6,5,3,62.5,5.88,1.38,4.0,7.18,294.5,9.67,14.1,462.0,15700.0,516.0,63.2,37.6,24.7
12,Main,Thresh,13,16.3,6,7,4,4,3,57.1,1.14,2.86,9.0,3.55,33.43,1.15,7.1,245.0,4200.0,143.0,76.3,8.6,13.4
12,Main,Ashe,13,16.3,7,6,3,4,2,66.7,3.17,2.17,6.67,4.54,264.17,7.21,13.9,380.0,16000.0,437.0,62.8,20.2,20.0
12,Main,Draven,13,16.3,7,6,5,3,3,50.0,4.33,3.33,1.83,1.85,279.83,8.86,14.6,462.0,13400.0,424.0,63.8,44.8,25.9
12,Main,Soraka,12,15.0,3,9,6,4,5,44.4,0.33,2.78,7.0,2.64,18.22,0.57,7.1,223.0,5700.0,179.0,71.0,3.2,12.9
12,Main,Leona,12,15.0,3,9,7,2,7,22.2,0.56,3.78,5.56,1.62,34.78,1.2,6.5,223.0,2900.0,100.0,67.1,6.1,13.2
12,Main,Trundle,12,15.0,5,7,4,4,3,57.1,1.57,2.0,6.57,4.07,152.86,5.08,9.4,314.0,7600.0,252.0,69.5,13.4,17.8
12,Main,Ryze,12,15.0,8,4,2,3,1,75.0,4.75,2.75,4.5,3.36,282.75,8.79,14.0,434.0,15900.0,494.0,56.9,29.2,22.7
12,Main,Amumu,11,13.8,5,6,4,2,4,33.3,1.0,4.17,7.67,2.08,36.67,1.17,7.3,233.0,5500.0,174.0,77.6,9.0,13.4
12,Main,Bel'Veth,11,13.8,5,6,5,1,5,16.7,1.67,3.33,3.67,1.6,170.5,6.11,9.3,335.0,7000.0,251.0,57.1,17.9,20.3
12,Main,Sivir,10,12.5,2,8,6,7,1,87.5,5.0,1.25,8.5,10.8,329.25,10.38,15.3,484.0,22000.0,695.0,85.7,31.7,25.8
12,Main,Karma,10,12.5,3,7,5,2,5,28.6,1.0,3.14,5.14,1.95,22.57,0.68,8.0,241.0,9300.0,280.0,71.7,11.7,14.1
12,Main,Tristana,10,12.5,4,6,6,1,5,16.7,2.0,2.83,2.33,1.53,243.33,9.23,10.5,399.0,9600.0,363.0,56.5,26.1,24.4
12,Main,Yone,10,12.5,5,5,2,5,0,100.0,5.4,2.2,5.2,4.82,295.0,9.04,15.0,459.0,20900.0,641.0,58.2,29.7,23.6
12,Main,Miss Fortune,9,11.3,1,8,4,2,6,25.0,2.38,2.25,3.63,2.67,315.75,9.64,13.4,408.0,17600.0,538.0,66.7,26.4,24.5
12,Main,Rell,9,11.3,3,6,5,4,2,66.7,0.33,3.0,9.0,3.11,33.0,1.15,6.9,240.0,3500.0,120.0,66.7,2.4,13.1
12,Main,Gangplank,9,11.3,5,4,3,2,2,50.0,5.5,3.5,6.0,3.29,226.25,7.79,13.6,467.0,24200.0,834.0,68.7,32.8,24.5
12,Main,Lux,8,10.0,1,7,6,3,4,42.9,0.86,2.71,7.43,3.05,35.57,1.04,8.2,241.0,9500.0,278.0,70.7,7.3,13.8
12,Main,Tahm Kench,8,10.0,2,6,5,2,4,33.3,0.17,3.33,6.67,2.05,36.83,1.23,6.6,221.0,4600.0,155.0,64.1,1.6,12.7
12,Main,Ezreal,8,10.0,3,5,4,1,4,20.0,2.2,2.6,2.6,1.85,324.2,9.84,14.3,435.0,24000.0,729.0,51.1,23.4,25.0
12,Main,Kindred,8,10.0,4,4,1,4,0,100.0,2.0,1.25,6.5,6.8,228.75,6.41,12.9,361.0,14400.0,405.0,70.8,16.7,19.5
12,Main,Galio,8,10.0,4,4,4,1,3,25.0,1.75,3.75,5.0,1.8,241.0,7.27,11.6,349.0,15000.0,453.0,67.5,17.5,20.5
12,Main,Syndra,7,8.8,2,5,4,0,5,0.0,1.8,3.4,4.2,1.76,228.2,6.84,11.4,342.0,16900.0,506.0,73.2,22.0,21.1
12,Main,Ahri,6,7.5,1,5,4,4,1,80.0,5.8,1.0,7.4,13.2,323.0,9.13,16.2,459.0,24600.0,694.0,68.8,30.2,23.5
12,Main,Sett,6,7.5,1,5,4,2,3,40.0,1.6,3.6,5.2,1.89,138.6,4.49,9.0,292.0,9700.0,313.0,57.6,13.6,17.1
12,Main,Hecarim,6,7.5,2,4,3,3,1,75.0,4.5,2.0,8.25,6.38,210.75,5.87,13.0,362.0,13000.0,363.0,76.1,26.9,19.8
12,Main,Jinx,6,7.5,2,4,3,3,1,75.0,2.75,0.75,6.75,12.67,274.0,9.91,12.6,457.0,14200.0,514.0,71.7,20.8,23.7
12,Main,Seraphine,6,7.5,2,4,3,0,4,0.0,0.75,2.5,4.75,2.2,277.5,8.42,11.4,345.0,10300.0,313.0,64.7,8.8,20.7
12,Main,Senna,6,7.5,3,3,3,0,3,0.0,0.33,3.0,4.0,1.44,51.33,1.62,8.2,258.0,8000.0,252.0,76.5,5.9,15.8
12,Main,Nidalee,6,7.5,4,2,2,1,1,50.0,3.0,1.5,4.5,5.0,207.5,7.44,11.3,407.0,18900.0,679.0,78.9,31.6,22.1
12,Main,Pyke,6,7.5,5,1,1,0,1,0.0,2.0,8.0,4.0,0.75,47.0,1.19,10.1,256.0,8400.0,213.0,60.0,20.0,14.8
12,Main,Jayce,5,6.3,2,3,2,3,0,100.0,3.0,5.0,5.67,1.73,251.33,7.95,12.7,403.0,23800.0,752.0,63.4,22.0,21.2
12,Main,Kennen,5,6.3,2,3,3,1,2,33.3,2.0,3.67,3.33,1.45,235.67,7.55,11.0,352.0,15800.0,507.0,59.3,22.2,21.0
12,Main,Braum,4,5.0,2,2,1,2,0,100.0,1.0,1.0,13.5,14.5,35.5,1.05,9.0,264.0,6900.0,203.0,96.7,6.7,13.6
12,Main,Alistar,4,5.0,2,2,2,1,1,50.0,1.0,2.0,10.0,5.5,26.5,0.89,7.2,241.0,4700.0,156.0,66.7,6.1,12.4
12,Main,Kayn,4,5.0,2,2,1,0,2,0.0,3.0,3.0,5.0,2.67,210.5,5.95,12.1,343.0,14900.0,421.0,88.9,33.3,21.0
12,Main,Orianna,3,3.8,0,3,3,2,1,66.7,5.33,1.33,6.33,8.75,320.33,9.56,15.4,460.0,19800.0,590.0,85.4,39.0,24.6
12,Main,Swain,3,3.8,1,2,2,1,1,50.0,2.0,1.5,4.5,4.33,212.5,8.25,9.4,367.0,12800.0,495.0,76.5,23.5,21.8
12,Main,Karthus,3,3.8,2,1,1,1,0,100.0,9.0,5.0,11.0,4.0,266.0,6.4,18.9,455.0,54700.0,1316.0,95.2,42.9,26.0
12,Main,Nocturne,3,3.8,2,1,1,1,0,100.0,5.0,4.0,8.0,3.25,171.0,5.53,11.5,373.0,11600.0,374.0,56.5,21.7,17.2
12,Main,Bard,2,2.5,0,2,2,1,1,50.0,0.0,1.0,7.5,7.5,38.5,1.07,7.5,211.0,4800.0,133.0,55.6,0.0,12.3
12,Main,Blitzcrank,2,2.5,0,2,2,1,1,50.0,0.5,2.5,7.0,3.0,31.5,1.21,6.4,245.0,4000.0,154.0,60.0,4.0,13.0
12,Main,Gwen,2,2.5,0,2,2,1,1,50.0,2.0,3.5,3.5,1.57,277.5,7.73,13.7,383.0,23000.0,641.0,55.0,20.0,21.0
12,Main,Jhin,2,2.5,0,2,2,1,1,50.0,2.0,2.0,7.0,4.5,227.0,7.91,11.0,384.0,14200.0,493.0,75.0,16.7,20.2
12,Main,Xayah,2,2.5,0,2,2,1,1,50.0,5.5,0.5,3.5,18.0,430.0,10.77,19.1,478.0,27000.0,676.0,85.7,52.4,27.3
12,Main,Rakan,2,2.5,1,1,1,1,0,100.0,0.0,3.0,15.0,5.0,38.0,1.13,8.3,247.0,6000.0,178.0,83.3,0.0,12.8
12,Main,Darius,2,2.5,1,1,1,0,1,0.0,4.0,2.0,5.0,4.5,228.0,6.57,12.9,373.0,15000.0,432.0,60.0,26.7,20.8
12,Main,Fiddlesticks,2,2.5,1,1,1,0,1,0.0,2.0,3.0,1.0,1.0,127.0,5.07,7.4,295.0,8500.0,340.0,50.0,33.3,19.6
12,Main,Singed,2,2.5,1,1,1,0,1,0.0,1.0,3.0,3.0,1.33,150.0,4.98,7.8,258.0,5200.0,173.0,80.0,20.0,16.2
12,Main,Mordekaiser,2,2.5,2,0,0,0,0,0.0,0.0,0.0,0.0,0.0,0.0,0.0,0.0,0.0,0.0,0.0,0.0,0.0,0.0
12,Main,Nilah,2,2.5,2,0,0,0,0,0.0,0.0,0.0,0.0,0.0,0.0,0.0,0.0,0.0,0.0,0.0,0.0,0.0,0.0
12,Main,Shen,1,1.3,0,1,1,1,0,100.0,2.0,0.0,4.0,6.0,247.0,7.59,12.4,380.0,12500.0,383.0,40.0,13.3,19.2
12,Main,Anivia,1,1.3,0,1,1,0,1,0.0,1.0,3.0,3.0,1.33,274.0,8.69,11.3,359.0,13700.0,434.0,57.1,14.3,23.0
12,Main,Irelia,1,1.3,0,1,1,0,1,0.0,1.0,8.0,2.0,0.38,248.0,7.28,11.5,339.0,15900.0,466.0,17.6,5.9,19.5
12,Main,Malphite,1,1.3,0,1,1,0,1,0.0,0.0,5.0,5.0,1.0,233.0,6.85,10.8,318.0,14500.0,426.0,45.5,0.0,18.7
12,Main,Nasus,1,1.3,0,1,1,0,1,0.0,0.0,4.0,3.0,0.75,15.0,0.5,5.7,190.0,6100.0,203.0,75.0,0.0,12.1
12,Main,Rumble,1,1.3,0,1,1,0,1,0.0,2.0,6.0,1.0,0.5,234.0,7.74,10.5,347.0,11600.0,385.0,75.0,50.0,22.1
12,Main,Wukong,1,1.3,0,1,1,0,1,0.0,2.0,5.0,5.0,1.4,159.0,3.75,11.4,270.0,11900.0,281.0,63.6,18.2,16.9
12,Main,Xin Zhao,1,1.3,0,1,1,0,1,0.0,1.0,3.0,3.0,1.33,179.0,6.27,9.0,316.0,7600.0,266.0,100.0,25.0,20.5
12,Main,Olaf,1,1.3,1,0,0,0,0,0.0,0.0,0.0,0.0,0.0,0.0,0.0,0.0,0.0,0.0,0.0,0.0,0.0,0.0
