,season,event,champion,games_contests,pick_ban_ratio,banned_games,played_games,played_by_number_of_players,win,lose,win_rate,kills,deaths,assists,kill_death_assist_ratio,creep_score,cs/min,gold,gold/min,kill_participation,kill_share,gold_share
174,4,Main,Alistar,78,100.0,73,5,5,4,1,80.0,2.0,2.6,8.2,3.92,163.8,5.31,10.1,327.0,72.9,14.3,19.4
175,4,Main,Zilean,75,96.2,62,13,11,6,7,46.2,2.23,2.62,7.08,3.56,150.08,4.21,10.8,302.0,68.8,16.5,18.7
176,4,Main,Lee Sin,72,92.3,29,43,16,24,19,55.8,2.91,2.74,7.21,3.69,102.6,2.84,10.4,287.0,65.9,18.9,17.5
177,4,Main,Maokai,72,92.3,45,27,12,17,10,63.0,2.7,3.11,9.59,3.95,221.52,6.16,12.3,342.0,67.9,14.9,19.9
178,4,Main,Ryze,68,87.2,31,37,14,22,15,59.5,3.49,3.16,5.54,2.85,232.95,6.65,12.3,351.0,61.6,23.8,21.0
179,4,Main,Kha'Zix,66,84.6,8,58,18,25,33,43.1,2.98,2.57,4.79,3.03,137.84,3.8,10.8,299.0,61.1,23.4,18.8
180,4,Main,Thresh,63,80.8,19,44,15,24,20,54.5,0.8,3.34,9.84,3.18,31.27,0.88,8.4,237.0,68.1,5.1,14.3
181,4,Main,Lucian,61,78.2,17,44,15,23,21,52.3,4.77,2.36,4.93,4.11,325.05,8.68,15.1,404.0,69.0,33.9,24.6
182,4,Main,Janna,53,67.9,8,45,14,28,17,62.2,0.33,2.11,11.13,5.43,19.87,0.55,9.2,255.0,73.5,2.1,15.3
183,4,Main,Rumble,40,51.3,15,25,11,13,12,52.0,2.72,3.76,7.88,2.82,211.0,5.34,12.3,310.0,63.7,16.3,19.2
184,4,Main,Tristana,39,50.0,7,32,15,12,20,37.5,3.94,2.19,3.41,3.36,299.78,8.73,13.3,388.0,68.3,36.6,25.1
185,4,Main,Zed,38,48.7,19,19,9,9,10,47.4,4.53,3.58,4.32,2.47,306.79,7.88,14.4,369.0,63.2,32.3,23.2
186,4,Main,Twitch,35,44.9,11,24,9,17,7,70.8,5.96,2.42,7.58,5.6,225.63,6.6,13.1,383.0,63.6,28.0,21.6
187,4,Main,Rengar,33,42.3,19,14,6,12,2,85.7,4.36,2.43,9.57,5.74,117.07,3.42,11.6,338.0,65.0,20.3,18.3
188,4,Main,Orianna,32,41.0,5,27,12,14,13,51.9,3.22,2.7,5.7,3.3,300.63,8.41,13.2,368.0,73.5,26.5,23.2
189,4,Main,Yasuo,30,38.5,15,15,8,10,5,66.7,4.07,2.27,6.0,4.44,285.73,8.89,13.0,405.0,59.7,24.1,23.4
190,4,Main,Nami,29,37.2,3,26,12,10,16,38.5,0.88,3.27,8.15,2.76,18.58,0.48,9.2,239.0,73.7,7.2,15.2
191,4,Main,Syndra,25,32.1,11,14,9,5,9,35.7,4.21,3.64,5.07,2.55,337.21,8.13,15.1,365.0,64.4,29.2,23.5
192,4,Main,Nidalee,25,32.1,17,8,6,1,7,12.5,2.25,5.25,2.75,0.95,231.38,6.21,11.5,309.0,48.2,21.7,20.7
193,4,Main,Fizz,24,30.8,11,13,7,5,8,38.5,5.0,3.08,4.31,3.03,247.08,7.46,12.1,365.0,62.7,33.7,23.0
194,4,Main,Corki,22,28.2,0,22,7,12,10,54.5,4.14,2.36,5.32,4.0,275.45,7.82,13.3,379.0,63.0,27.6,22.8
195,4,Main,Irelia,21,26.9,6,15,7,10,5,66.7,3.0,1.4,6.2,6.57,238.27,6.77,12.3,351.0,63.6,20.7,20.9
196,4,Main,Jayce,20,25.6,8,12,6,7,5,58.3,3.83,2.5,6.67,4.2,244.08,7.26,12.6,375.0,66.0,24.1,21.9
197,4,Main,Jarvan IV,18,23.1,1,17,10,6,11,35.3,1.71,3.59,8.94,2.97,112.76,3.15,10.1,282.0,79.7,12.8,17.9
198,4,Main,Kog'Maw,17,21.8,1,16,9,7,9,43.8,3.63,2.5,5.25,3.55,294.69,7.21,14.6,357.0,71.4,29.1,22.9
199,4,Main,Lulu,17,21.8,2,15,10,5,10,33.3,1.27,2.6,4.0,2.03,243.07,6.72,11.4,316.0,64.2,15.4,20.9
200,4,Main,Elise,16,20.5,1,15,9,5,10,33.3,1.47,3.33,4.07,1.66,114.8,2.96,10.1,260.0,52.2,13.8,16.9
201,4,Main,Kayle,15,19.2,2,13,10,5,8,38.5,1.62,3.08,6.62,2.68,221.54,6.19,11.3,316.0,68.2,13.4,20.6
202,4,Main,Twisted Fate,14,17.9,6,8,4,3,5,37.5,4.88,3.38,6.63,3.41,296.25,8.7,14.9,439.0,68.1,28.9,25.9
203,4,Main,Ahri,13,16.7,1,12,8,5,7,41.7,3.58,2.58,4.58,3.16,300.25,7.72,14.0,361.0,69.0,30.3,23.0
204,4,Main,Braum,12,15.4,0,12,9,6,6,50.0,0.08,3.75,9.42,2.53,36.75,1.14,7.8,242.0,69.1,0.6,14.8
205,4,Main,Morgana,12,15.4,0,12,6,6,6,50.0,0.5,3.17,8.75,2.92,24.83,0.63,10.2,261.0,67.3,3.6,15.9
206,4,Main,Dr. Mundo,10,12.8,0,10,5,1,9,10.0,1.7,3.1,3.2,1.58,230.8,6.32,11.0,302.0,53.3,18.5,20.6
207,4,Main,Kassadin,10,12.8,2,8,6,5,3,62.5,4.38,2.5,6.75,4.45,246.88,6.96,13.0,367.0,63.6,25.0,21.6
208,4,Main,Jinx,10,12.8,3,7,3,2,5,28.6,1.71,4.29,5.0,1.57,227.43,6.72,10.8,318.0,61.0,15.6,22.2
209,4,Main,Talon,7,9.0,0,7,4,3,4,42.9,2.86,5.29,5.0,1.49,258.57,7.69,12.2,363.0,53.4,19.4,22.2
210,4,Main,Xerath,6,7.7,0,6,6,2,4,33.3,1.5,1.67,2.5,2.4,332.83,8.96,13.0,350.0,64.9,24.3,23.8
211,4,Main,Aatrox,6,7.7,6,0,0,0,0,0.0,0.0,0.0,0.0,0.0,0.0,0.0,0.0,0.0,0.0,0.0,0.0
212,4,Main,Vayne,4,5.1,0,4,3,3,1,75.0,5.25,0.75,4.75,13.33,293.0,8.67,13.8,408.0,63.5,33.3,23.8
213,4,Main,Leona,3,3.8,0,3,2,1,2,33.3,1.67,3.33,5.33,2.1,40.67,1.05,7.7,200.0,45.7,10.9,13.6
214,4,Main,Pantheon,3,3.8,0,3,2,1,2,33.3,5.0,5.0,3.67,1.73,85.0,3.05,8.3,299.0,60.5,34.9,19.1
215,4,Main,Blitzcrank,3,3.8,0,3,1,0,3,0.0,1.33,6.33,7.0,1.32,23.33,0.8,6.3,216.0,71.4,11.4,15.7
216,4,Main,Sona,3,3.8,0,3,2,0,3,0.0,0.33,4.0,4.33,1.17,12.0,0.4,6.2,207.0,73.7,5.3,14.3
217,4,Main,Rammus,3,3.8,1,2,2,2,0,100.0,2.0,3.0,11.5,4.5,97.5,2.62,10.7,286.0,71.1,10.5,16.2
218,4,Main,Evelynn,2,2.6,0,2,2,2,0,100.0,3.0,1.0,12.0,15.0,113.5,2.97,12.8,334.0,63.8,12.8,18.8
219,4,Main,Caitlyn,2,2.6,0,2,1,1,1,50.0,5.5,2.0,4.0,4.75,487.5,9.43,21.4,414.0,63.3,36.7,25.1
220,4,Main,Graves,2,2.6,0,2,2,1,1,50.0,3.5,2.5,6.0,3.8,252.5,7.62,12.0,362.0,51.4,18.9,22.3
221,4,Main,Singed,2,2.6,0,2,1,1,1,50.0,3.5,2.5,13.0,6.6,277.5,8.23,13.3,395.0,70.2,14.9,22.0
222,4,Main,Ziggs,2,2.6,0,2,2,1,1,50.0,2.0,1.5,5.0,4.67,354.5,8.43,14.7,348.0,50.0,14.3,22.6
223,4,Main,Ezreal,2,2.6,0,2,2,0,2,0.0,3.0,1.0,2.0,5.0,226.5,6.37,10.8,305.0,47.6,28.6,22.1
224,4,Main,Akali,1,1.3,0,1,1,1,0,100.0,9.0,0.0,8.0,17.0,188.0,6.52,12.8,444.0,70.8,37.5,21.6
225,4,Main,Fiddlesticks,1,1.3,0,1,1,1,0,100.0,5.0,4.0,10.0,3.75,112.0,2.6,12.3,286.0,75.0,25.0,17.9
226,4,Main,Katarina,1,1.3,0,1,1,1,0,100.0,12.0,2.0,16.0,14.0,195.0,6.65,14.7,501.0,71.8,30.8,21.9
227,4,Main,Lissandra,1,1.3,0,1,1,1,0,100.0,4.0,2.0,11.0,7.5,363.0,9.66,16.6,442.0,57.7,15.4,22.4
228,4,Main,Riven,1,1.3,0,1,1,1,0,100.0,0.0,2.0,4.0,2.0,345.0,7.62,16.3,360.0,36.4,0.0,21.3
229,4,Main,Swain,1,1.3,0,1,1,1,0,100.0,1.0,8.0,9.0,1.25,211.0,4.17,13.6,269.0,47.6,4.8,16.1
230,4,Main,Galio,1,1.3,0,1,1,0,1,0.0,0.0,7.0,3.0,0.43,165.0,5.07,7.9,243.0,27.3,0.0,17.0
231,4,Main,Nunu,1,1.3,0,1,1,0,1,0.0,0.0,5.0,2.0,0.4,93.0,2.8,7.4,223.0,100.0,0.0,16.7
232,4,Main,Varus,1,1.3,0,1,1,0,1,0.0,3.0,3.0,0.0,1.0,221.0,7.67,9.1,316.0,100.0,100.0,26.9
233,4,Main,Vi,1,1.3,0,1,1,0,1,0.0,0.0,7.0,1.0,0.14,112.0,3.23,7.5,216.0,50.0,0.0,16.9
234,4,Main,Gragas,1,1.3,1,0,0,0,0,0.0,0.0,0.0,0.0,0.0,0.0,0.0,0.0,0.0,0.0,0.0,0.0
235,5,Main,Gangplank,73,100.0,69,4,4,4,0,100.0,3.5,1.25,6.25,7.8,225.25,7.77,12.6,434.0,66.1,23.7,23.4
236,5,Main,Mordekaiser,72,98.6,68,4,4,4,0,100.0,6.5,1.0,11.25,17.75,246.25,7.37,14.0,420.0,84.5,31.0,22.6
237,5,Main,Elise,71,97.3,32,39,14,26,13,66.7,2.46,2.36,6.41,3.76,107.56,3.0,10.8,301.0,62.1,17.2,17.9
238,5,Main,Lulu,69,94.5,43,26,16,13,13,50.0,1.96,1.96,7.15,4.65,270.85,7.5,12.4,344.0,74.3,16.0,21.5
239,5,Main,Rek'Sai,56,76.7,19,37,10,15,22,40.5,1.35,2.54,7.54,3.5,122.62,3.35,11.0,300.0,72.6,11.0,18.4
240,5,Main,Kalista,54,74.0,25,29,13,14,15,48.3,4.34,2.24,4.9,4.12,295.76,8.39,13.5,383.0,74.7,35.1,23.7
241,5,Main,Darius,53,72.6,15,38,16,19,19,50.0,3.61,3.34,3.76,2.2,235.82,6.83,11.8,341.0,56.9,27.8,20.8
242,5,Main,Azir,42,57.5,28,14,8,10,4,71.4,3.5,2.64,6.43,3.76,316.43,8.92,14.0,394.0,71.6,25.3,22.9
243,5,Main,Thresh,35,47.9,6,29,14,13,16,44.8,0.76,3.03,8.24,2.97,33.48,0.95,7.7,219.0,70.0,5.9,13.4
244,5,Main,Tahm Kench,34,46.6,20,14,7,10,4,71.4,0.79,2.43,9.79,4.35,40.07,1.09,8.6,232.0,63.8,4.7,13.7
245,5,Main,Alistar,33,45.2,3,30,11,15,15,50.0,0.3,2.73,9.67,3.65,40.43,1.12,8.2,227.0,80.2,2.4,13.9
246,5,Main,Jinx,33,45.2,4,29,13,15,14,51.7,5.07,2.34,5.21,4.38,332.79,8.83,15.3,407.0,73.0,36.0,24.8
247,5,Main,Gragas,33,45.2,4,29,12,13,16,44.8,1.28,3.03,6.97,2.72,109.76,3.02,10.1,278.0,64.9,10.1,17.1
248,5,Main,Lee Sin,28,38.4,10,18,7,9,9,50.0,2.5,2.78,8.0,3.78,91.67,2.77,9.7,292.0,75.3,17.9,17.8
249,5,Main,Twisted Fate,28,38.4,16,12,8,7,5,58.3,3.83,2.58,6.92,4.16,275.0,8.37,13.8,420.0,75.9,27.1,24.9
250,5,Main,Tristana,27,37.0,0,27,11,11,16,40.7,3.3,2.15,4.19,3.48,297.7,8.48,13.5,384.0,71.1,31.3,24.3
251,5,Main,Braum,24,32.9,3,21,14,8,13,38.1,0.48,2.9,8.1,2.95,40.14,1.18,7.6,223.0,78.6,4.4,13.9
252,5,Main,Fiora,23,31.5,4,19,6,11,8,57.9,3.63,2.95,4.05,2.61,294.37,8.15,13.7,380.0,61.3,29.0,22.9
253,5,Main,Gnar,21,28.8,2,19,12,8,11,42.1,2.63,3.26,6.63,2.84,237.58,6.58,12.0,333.0,65.7,18.7,20.4
254,5,Main,Kennen,21,28.8,5,16,10,8,8,50.0,2.75,3.69,6.69,2.56,197.81,5.11,12.3,318.0,57.2,16.7,18.7
255,5,Main,Morgana,20,27.4,2,18,8,8,10,44.4,0.33,2.72,8.61,3.29,36.33,0.99,8.8,239.0,72.5,2.7,14.7
256,5,Main,Sivir,19,26.0,0,19,8,9,10,47.4,3.37,2.37,6.47,4.16,324.63,9.05,14.6,408.0,77.9,26.7,24.5
257,5,Main,Viktor,18,24.7,1,17,8,8,9,47.1,3.76,1.82,4.12,4.32,330.71,9.33,13.9,392.0,62.0,29.6,23.9
258,5,Main,Veigar,18,24.7,10,8,5,3,5,37.5,3.88,3.0,5.38,3.08,297.5,8.17,13.4,367.0,78.7,33.0,23.1
259,5,Main,LeBlanc,17,23.3,6,11,6,6,5,54.5,5.09,1.45,4.91,6.88,314.91,8.16,14.5,375.0,65.5,33.3,22.5
260,5,Main,Shen,15,20.5,3,12,5,10,2,83.3,0.92,2.75,11.08,4.36,69.92,1.87,9.6,258.0,69.6,5.3,14.5
261,5,Main,Malphite,14,19.2,4,10,7,3,7,30.0,1.8,1.8,5.2,3.89,247.5,6.29,12.1,307.0,57.9,14.9,19.6
262,5,Main,Ashe,13,17.8,4,9,3,5,4,55.6,3.0,1.56,6.44,6.07,293.11,8.6,13.3,390.0,65.4,20.8,23.1
263,5,Main,Orianna,12,16.4,0,12,6,3,9,25.0,2.58,3.08,4.5,2.3,362.25,9.32,14.8,381.0,69.7,25.4,24.1
264,5,Main,Olaf,12,16.4,2,10,7,4,6,40.0,4.3,2.6,4.6,3.42,236.7,6.67,12.0,339.0,65.9,31.9,21.0
265,5,Main,Yasuo,12,16.4,6,6,6,2,4,33.3,3.33,4.0,6.5,2.46,302.17,8.49,13.3,374.0,79.7,27.0,23.8
266,5,Main,Riven,10,13.7,0,10,5,5,5,50.0,3.4,3.6,4.1,2.08,286.8,8.2,13.3,380.0,59.5,27.0,22.5
267,5,Main,Annie,10,13.7,1,9,7,4,5,44.4,1.22,3.0,8.0,3.07,18.89,0.53,8.3,231.0,75.5,10.0,14.4
268,5,Main,Renekton,10,13.7,4,6,3,4,2,66.7,3.67,1.83,4.17,4.27,309.67,8.85,13.9,397.0,55.3,25.9,22.6
269,5,Main,Ekko,9,12.3,0,9,9,3,6,33.3,3.11,3.44,6.89,2.9,282.89,7.61,13.4,360.0,68.2,21.2,21.9
270,5,Main,Fizz,9,12.3,5,4,1,2,2,50.0,4.0,2.0,3.75,3.88,263.5,7.37,12.4,347.0,59.6,30.8,21.5
271,5,Main,Kog'Maw,8,11.0,1,7,4,3,4,42.9,6.0,2.57,5.43,4.44,362.0,8.56,16.7,395.0,81.6,42.9,24.2
272,5,Main,Ryze,8,11.0,2,6,2,5,1,83.3,4.83,1.33,5.17,7.5,244.33,8.44,11.8,406.0,65.2,31.5,22.2
273,5,Main,Kassadin,7,9.6,0,7,3,5,2,71.4,5.29,1.86,8.0,7.15,292.29,7.48,14.5,372.0,74.4,29.6,22.0
274,5,Main,Vayne,7,9.6,1,6,5,2,4,33.3,4.33,2.83,3.83,2.88,239.5,7.47,11.8,367.0,60.5,32.1,23.2
275,5,Main,Anivia,6,8.2,0,6,2,4,2,66.7,1.5,2.67,4.0,2.06,368.67,9.29,14.8,373.0,55.0,15.0,23.2
276,5,Main,Rumble,6,8.2,1,5,1,4,1,80.0,5.8,3.0,5.8,3.87,272.2,7.88,13.6,394.0,59.8,29.9,22.2
277,5,Main,Diana,6,8.2,2,4,3,2,2,50.0,3.75,3.75,5.75,2.53,316.0,8.47,14.4,387.0,58.5,23.1,22.7
278,5,Main,Nidalee,6,8.2,3,3,3,3,0,100.0,4.0,2.0,9.33,6.67,169.33,4.31,14.8,377.0,63.5,19.0,20.2
279,5,Main,Varus,6,8.2,4,2,2,1,1,50.0,2.0,5.0,6.0,1.6,281.0,8.14,12.4,361.0,84.2,21.1,22.0
280,5,Main,Jarvan IV,5,6.8,0,5,3,4,1,80.0,2.2,3.4,10.2,3.65,132.8,3.46,11.9,310.0,74.7,13.3,17.6
281,5,Main,Caitlyn,5,6.8,0,5,3,3,2,60.0,2.4,1.6,3.6,3.75,332.8,8.71,14.7,386.0,57.7,23.1,23.7
282,5,Main,Hecarim,5,6.8,0,5,4,2,3,40.0,3.4,2.4,6.4,4.08,246.8,7.25,12.4,365.0,81.7,28.3,22.1
283,5,Main,Lissandra,4,5.5,0,4,4,2,2,50.0,2.75,3.75,9.75,3.33,272.25,8.14,12.6,375.0,73.5,16.2,22.0
284,5,Main,Evelynn,4,5.5,0,4,3,1,3,25.0,1.25,4.0,5.0,1.56,103.0,2.69,10.0,261.0,62.5,12.5,17.1
285,5,Main,Janna,3,4.1,0,3,3,2,1,66.7,0.0,2.0,13.33,6.67,17.33,0.43,9.6,237.0,81.6,0.0,14.1
286,5,Main,Ahri,3,4.1,0,3,3,1,2,33.3,3.0,1.0,8.0,11.0,357.0,9.08,15.3,389.0,86.8,23.7,23.7
287,5,Main,Skarner,3,4.1,0,3,3,1,2,33.3,0.67,1.67,4.67,3.2,96.67,3.02,8.9,279.0,69.6,8.7,17.2
288,5,Main,Maokai,3,4.1,0,3,2,0,3,0.0,0.67,3.33,2.33,0.9,157.33,5.22,7.7,257.0,69.2,15.4,18.5
289,5,Main,Zac,2,2.7,0,2,1,2,0,100.0,0.0,2.0,15.5,7.75,95.5,2.16,11.7,263.0,64.6,0.0,15.1
290,5,Main,Bard,2,2.7,0,2,2,0,2,0.0,1.5,5.0,7.0,1.7,30.5,0.86,8.0,224.0,60.7,10.7,14.4
291,5,Main,Irelia,2,2.7,0,2,2,0,2,0.0,2.5,4.5,1.5,0.89,228.0,6.65,10.3,299.0,61.5,38.5,22.1
292,5,Main,Rengar,2,2.7,0,2,2,0,2,0.0,2.0,3.0,4.0,2.0,95.5,3.15,8.7,285.0,70.6,23.5,18.9
293,5,Main,Zed,2,2.7,0,2,2,0,2,0.0,3.5,3.0,3.5,2.33,250.0,7.17,12.2,348.0,58.3,29.2,22.9
294,5,Main,Draven,1,1.4,0,1,1,1,0,100.0,5.0,1.0,7.0,12.0,241.0,7.17,14.6,435.0,57.1,23.8,23.0
295,5,Main,Graves,1,1.4,0,1,1,1,0,100.0,9.0,2.0,6.0,7.5,356.0,8.97,17.3,436.0,68.2,40.9,23.8
296,5,Main,Karthus,1,1.4,0,1,1,1,0,100.0,4.0,3.0,10.0,4.67,274.0,9.17,12.8,428.0,73.7,21.1,23.0
297,5,Main,Leona,1,1.4,0,1,1,1,0,100.0,0.0,3.0,7.0,2.33,60.0,2.42,7.0,283.0,43.8,0.0,14.6
298,5,Main,Lucian,1,1.4,0,1,1,1,0,100.0,7.0,4.0,11.0,4.5,295.0,8.03,15.3,417.0,81.8,31.8,22.3
299,5,Main,Vladimir,1,1.4,0,1,1,1,0,100.0,0.0,3.0,8.0,2.67,318.0,7.31,14.9,343.0,50.0,0.0,19.9
300,5,Main,Blitzcrank,1,1.4,0,1,1,0,1,0.0,1.0,5.0,2.0,0.6,16.0,0.55,5.8,198.0,75.0,25.0,14.5
301,5,Main,Brand,1,1.4,0,1,1,0,1,0.0,1.0,6.0,10.0,1.83,29.0,0.83,8.6,246.0,78.6,7.1,15.2
302,5,Main,Cassiopeia,1,1.4,0,1,1,0,1,0.0,1.0,1.0,4.0,5.0,341.0,8.61,13.2,333.0,50.0,10.0,21.9
303,5,Main,Jayce,1,1.4,0,1,1,0,1,0.0,1.0,2.0,7.0,4.0,359.0,9.33,14.7,382.0,50.0,6.3,22.4
304,5,Main,Nautilus,1,1.4,0,1,1,0,1,0.0,0.0,6.0,9.0,1.5,72.0,1.66,9.4,217.0,50.0,0.0,12.7
305,5,Main,Nunu,1,1.4,0,1,1,0,1,0.0,1.0,5.0,11.0,2.4,92.0,2.63,10.0,286.0,85.7,7.1,17.7
306,5,Main,Syndra,1,1.4,0,1,1,0,1,0.0,2.0,1.0,3.0,5.0,510.0,9.2,19.8,357.0,83.3,33.3,25.1
307,5,Main,Twitch,1,1.4,0,1,1,0,1,0.0,4.0,4.0,2.0,1.5,213.0,6.43,10.4,314.0,50.0,33.3,20.8
308,5,Main,Vi,1,1.4,0,1,1,0,1,0.0,0.0,6.0,1.0,0.17,128.0,2.94,10.6,244.0,10.0,0.0,16.0
309,6,Main,Nidalee,77,100.0,66,11,10,8,3,72.7,2.55,2.82,5.45,2.84,195.82,4.92,15.1,380.0,62.0,19.7,20.4
310,6,Main,Syndra,75,97.4,59,16,10,10,6,62.5,4.81,2.5,4.38,3.68,338.31,9.09,15.5,418.0,62.6,32.8,22.7
311,6,Main,Olaf,59,76.6,23,36,14,18,18,50.0,2.5,2.28,5.69,3.6,160.17,4.16,13.1,341.0,65.8,20.1,19.1
312,6,Main,Karma,58,75.3,16,42,16,19,23,45.2,0.57,2.52,6.88,2.95,62.07,1.62,10.3,267.0,68.2,5.2,15.2
313,6,Main,Jhin,51,66.2,12,39,13,24,15,61.5,3.87,1.9,5.95,5.18,324.64,8.25,15.7,398.0,66.7,26.3,21.7
314,6,Main,Elise,50,64.9,21,29,15,10,19,34.5,2.21,2.59,4.93,2.76,149.14,3.97,12.6,336.0,65.5,20.3,19.5
315,6,Main,Caitlyn,49,63.6,15,34,11,16,18,47.1,2.74,2.18,4.21,3.19,364.35,9.46,15.9,412.0,61.5,24.2,23.3
316,6,Main,Jayce,47,61.0,21,26,15,15,11,57.7,2.73,2.85,5.31,2.82,306.65,8.52,14.4,399.0,62.2,21.1,22.0
317,6,Main,Ryze,46,59.7,27,19,11,10,9,52.6,3.74,1.79,4.47,4.59,322.74,9.06,14.7,412.0,63.9,29.1,22.9
318,6,Main,Lee Sin,45,58.4,8,37,13,21,16,56.8,2.7,2.38,6.3,3.78,152.84,3.83,13.6,341.0,65.8,19.8,18.8
319,6,Main,Rumble,41,53.2,9,32,13,16,16,50.0,2.38,3.41,4.81,2.11,296.31,7.89,13.9,371.0,57.2,18.9,21.0
320,6,Main,Ezreal,39,50.6,7,32,12,11,21,34.4,3.81,2.22,3.66,3.37,330.75,8.6,15.2,394.0,67.7,34.6,22.9
321,6,Main,Poppy,38,49.4,9,29,11,14,15,48.3,1.66,2.1,4.66,3.0,309.31,7.45,14.7,354.0,56.3,14.8,20.2
322,6,Main,Kennen,37,48.1,14,23,12,12,11,52.2,2.78,3.39,4.65,2.19,296.57,7.64,14.4,370.0,56.4,21.1,20.6
323,6,Main,Rek'Sai,34,44.2,16,18,12,8,10,44.4,1.44,2.5,7.06,3.4,168.44,4.49,13.1,350.0,66.2,11.3,19.6
324,6,Main,Aurelion Sol,32,41.6,20,12,10,8,4,66.7,4.92,2.5,6.67,4.63,286.08,7.58,14.6,387.0,76.8,32.6,21.3
325,6,Main,Sivir,31,40.3,11,20,11,10,10,50.0,2.3,1.65,5.85,4.94,354.95,9.91,15.1,421.0,64.2,18.1,23.5
326,6,Main,Gnar,30,39.0,12,18,12,7,11,38.9,2.06,2.61,4.06,2.34,290.61,7.82,13.6,367.0,47.8,16.1,20.8
327,6,Main,Viktor,29,37.7,6,23,8,13,10,56.5,3.7,2.39,3.61,3.05,366.7,9.29,16.4,416.0,59.2,29.9,22.8
328,6,Main,Alistar,28,36.4,5,23,16,15,8,65.2,0.61,2.61,8.48,3.48,38.0,1.0,9.8,258.0,71.3,4.8,14.2
329,6,Main,Cassiopeia,28,36.4,6,22,10,8,14,36.4,3.05,2.73,3.82,2.52,301.27,8.36,13.7,380.0,62.1,27.6,21.8
330,6,Main,Zyra,27,35.1,5,22,5,14,8,63.6,1.45,2.77,6.73,2.95,34.23,0.89,11.0,287.0,56.3,10.0,15.4
331,6,Main,Vladimir,27,35.1,12,15,9,7,8,46.7,3.33,1.8,4.67,4.44,306.53,7.98,14.1,368.0,64.9,27.0,21.2
332,6,Main,Nami,26,33.8,2,24,12,10,14,41.7,0.71,2.42,10.33,4.57,22.63,0.56,10.4,257.0,81.0,5.2,14.4
333,6,Main,Tahm Kench,23,29.9,12,11,7,6,5,54.5,1.45,2.73,7.09,3.13,50.55,1.28,10.6,269.0,60.3,10.3,14.9
334,6,Main,Bard,17,22.1,5,12,5,3,9,25.0,1.0,3.92,5.92,1.77,23.08,0.66,8.8,251.0,64.3,9.3,15.1
335,6,Main,Braum,16,20.8,0,16,12,6,10,37.5,0.63,2.38,5.94,2.76,43.75,1.19,9.1,249.0,61.4,5.8,14.3
336,6,Main,Ashe,15,19.5,4,11,5,7,4,63.6,3.0,2.36,5.55,3.62,385.55,9.33,17.5,424.0,64.8,22.8,22.8
337,6,Main,Lucian,14,18.2,1,13,7,7,6,53.8,4.46,1.77,2.92,4.17,351.46,9.15,16.0,416.0,58.9,35.6,23.5
338,6,Main,Malzahar,14,18.2,3,11,8,5,6,45.5,3.91,3.18,5.18,2.86,296.64,7.72,14.4,376.0,69.0,29.7,21.4
339,6,Main,Orianna,13,16.9,0,13,6,5,8,38.5,3.08,2.69,3.54,2.46,422.54,9.45,18.2,407.0,65.2,30.3,23.1
340,6,Main,Trundle,12,15.6,1,11,6,6,5,54.5,2.18,2.0,5.0,3.59,376.27,8.27,17.4,383.0,58.5,17.8,21.0
341,6,Main,Ekko,11,14.3,1,10,5,5,5,50.0,3.0,2.3,4.3,3.17,296.1,8.24,13.8,384.0,61.3,25.2,21.4
342,6,Main,Brand,9,11.7,8,1,1,1,0,100.0,3.0,1.0,4.0,7.0,32.0,0.79,12.7,314.0,70.0,30.0,16.8
343,6,Main,Varus,8,10.4,3,5,4,3,2,60.0,2.6,2.0,4.6,3.6,414.8,8.64,18.9,393.0,64.3,23.2,22.1
344,6,Main,Zac,8,10.4,4,4,3,2,2,50.0,2.5,2.25,5.75,3.67,191.75,4.35,15.3,348.0,67.3,20.4,19.2
345,6,Main,Graves,7,9.1,0,7,5,3,4,42.9,2.29,2.57,5.86,3.17,171.57,5.09,12.1,360.0,64.8,18.2,20.8
346,6,Main,Skarner,7,9.1,1,6,5,4,2,66.7,1.83,2.17,7.17,4.15,147.67,3.82,13.3,344.0,67.5,13.8,18.9
347,6,Main,Miss Fortune,7,9.1,4,3,2,3,0,100.0,2.0,3.0,8.33,3.44,50.33,1.35,12.4,332.0,58.5,11.3,16.3
348,6,Main,Irelia,6,7.8,1,5,4,3,2,60.0,4.4,4.0,2.4,1.7,281.6,7.99,13.9,394.0,52.3,33.8,21.5
349,6,Main,Twisted Fate,6,7.8,5,1,1,0,1,0.0,0.0,6.0,5.0,0.83,374.0,7.97,17.9,382.0,71.4,0.0,21.7
350,6,Main,Jinx,5,6.5,0,5,3,2,3,40.0,2.4,1.6,4.2,4.13,361.0,9.58,15.3,406.0,63.5,23.1,23.2
351,6,Main,Zilean,4,5.2,0,4,4,1,3,25.0,2.75,3.75,4.75,2.0,356.0,8.68,15.5,377.0,57.7,21.2,22.1
352,6,Main,Kassadin,4,5.2,4,0,0,0,0,0.0,0.0,0.0,0.0,0.0,0.0,0.0,0.0,0.0,0.0,0.0,0.0
353,6,Main,Hecarim,3,3.9,0,3,2,2,1,66.7,2.0,1.33,6.33,6.25,145.67,4.19,12.1,347.0,75.8,18.2,19.7
354,6,Main,Lissandra,3,3.9,0,3,2,2,1,66.7,3.33,3.33,5.33,2.6,318.33,8.68,14.5,395.0,65.0,25.0,21.0
355,6,Main,Soraka,3,3.9,1,2,2,1,1,50.0,0.5,3.0,10.5,3.67,23.0,0.54,10.9,257.0,88.0,4.0,14.6
356,6,Main,Maokai,2,2.6,0,2,2,1,1,50.0,2.5,2.5,11.5,5.6,281.0,7.28,13.7,353.0,77.8,13.9,19.3
357,6,Main,Anivia,2,2.6,1,1,1,1,0,100.0,2.0,2.0,5.0,3.5,302.0,7.48,15.6,386.0,70.0,20.0,20.6
358,6,Main,Shen,2,2.6,1,1,1,0,1,0.0,3.0,4.0,6.0,2.25,174.0,6.3,8.9,322.0,75.0,25.0,22.0
359,6,Main,Nocturne,1,1.3,0,1,1,1,0,100.0,3.0,2.0,11.0,7.0,166.0,3.8,16.4,376.0,73.7,15.8,19.4
360,6,Main,Taric,1,1.3,0,1,1,1,0,100.0,0.0,7.0,9.0,1.29,134.0,2.02,19.5,294.0,56.3,0.0,16.3
361,6,Main,Fiora,1,1.3,0,1,1,0,1,0.0,5.0,7.0,5.0,1.43,263.0,7.56,13.4,385.0,66.7,33.3,22.7
362,6,Main,Kha'Zix,1,1.3,0,1,1,0,1,0.0,4.0,4.0,3.0,1.75,164.0,3.61,14.5,319.0,70.0,40.0,20.1
363,6,Main,Kindred,1,1.3,0,1,1,0,1,0.0,2.0,5.0,0.0,0.4,123.0,3.91,9.6,305.0,66.7,66.7,20.3
364,6,Main,Kled,1,1.3,0,1,1,0,1,0.0,1.0,6.0,6.0,1.17,244.0,7.18,11.0,324.0,50.0,7.1,20.1
365,6,Main,Nautilus,1,1.3,0,1,1,0,1,0.0,1.0,4.0,7.0,2.0,315.0,6.93,14.6,321.0,80.0,10.0,20.2
366,7,Play in,Kalista,39,100.0,34,5,4,4,1,80.0,6.2,1.8,5.0,6.22,270.0,9.38,13.5,469.0,71.8,39.7,24.1
367,7,Play in,Sejuani,38,97.4,22,16,11,7,9,43.8,1.19,2.38,6.19,3.11,149.63,4.36,11.0,320.0,75.2,12.1,18.0
368,7,Play in,Jarvan IV,37,94.9,24,13,9,8,5,61.5,1.54,2.38,7.77,3.9,168.0,5.18,11.1,341.0,74.2,12.3,18.3
369,7,Play in,Galio,35,89.7,17,18,13,13,5,72.2,1.67,1.44,6.33,5.54,275.89,8.2,12.6,376.0,64.3,13.4,20.1
370,7,Play in,Syndra,33,84.6,16,17,8,8,9,47.1,2.88,1.88,4.65,4.0,344.24,9.09,15.2,400.0,68.4,26.2,22.1
371,7,Play in,Tristana,32,82.1,8,24,10,12,12,50.0,3.33,1.54,2.67,3.89,313.58,9.57,13.9,425.0,69.6,38.6,23.9
372,7,Play in,Rakan,30,76.9,17,13,7,9,4,69.2,0.46,2.15,9.0,4.39,17.62,0.53,10.0,300.0,75.0,3.7,15.8
373,7,Play in,Xayah,29,74.4,9,20,10,10,10,50.0,2.85,1.7,3.35,3.65,337.7,9.99,14.6,432.0,70.1,32.2,23.9
374,7,Play in,Cho'Gath,28,71.8,13,15,10,6,9,40.0,1.8,3.47,3.93,1.65,239.33,7.21,11.6,349.0,59.7,18.8,19.4
375,7,Play in,Gragas,26,66.7,3,23,10,14,9,60.9,1.26,1.65,6.26,4.55,146.48,4.2,11.3,324.0,71.8,12.0,17.7
376,7,Play in,Alistar,25,64.1,14,11,8,3,8,27.3,0.64,2.36,5.45,2.58,38.91,1.32,7.5,256.0,68.4,7.1,15.1
377,7,Play in,Maokai,24,61.5,8,16,8,10,6,62.5,1.56,1.69,7.44,5.33,259.69,7.03,12.9,349.0,73.1,12.7,18.9
378,7,Play in,Shen,23,59.0,13,10,7,4,6,40.0,1.4,2.3,4.7,2.65,231.5,7.45,10.7,346.0,70.9,16.3,19.7
379,7,Play in,Orianna,22,56.4,12,10,8,4,6,40.0,1.6,1.5,4.1,3.8,303.9,8.85,13.1,382.0,73.1,20.5,21.9
380,7,Play in,Rek'Sai,20,51.3,12,8,5,4,4,50.0,1.88,3.0,5.13,2.33,141.25,4.52,10.4,334.0,65.9,17.6,18.3
381,7,Play in,Janna,19,48.7,5,14,6,12,2,85.7,0.21,1.29,9.71,7.72,24.5,0.69,12.2,344.0,80.3,1.7,17.7
382,7,Play in,Lulu,19,48.7,5,14,7,5,9,35.7,0.36,2.0,7.07,3.71,18.5,0.52,9.8,278.0,79.4,3.8,15.9
383,7,Play in,Kog'Maw,19,48.7,10,9,7,4,5,44.4,5.33,2.44,2.89,3.36,281.67,9.22,13.4,438.0,71.2,46.2,24.6
384,7,Play in,Corki,18,46.2,7,11,6,4,7,36.4,3.64,2.82,4.09,2.74,335.73,9.97,14.7,438.0,78.0,36.7,23.8
385,7,Play in,LeBlanc,18,46.2,13,5,5,3,2,60.0,5.0,2.4,4.0,3.75,252.8,7.24,13.6,389.0,58.4,32.5,20.7
386,7,Play in,Taliyah,17,43.6,13,4,4,3,1,75.0,5.0,1.25,5.25,8.2,263.25,8.33,13.2,416.0,77.4,37.7,22.2
387,7,Play in,Braum,15,38.5,6,9,5,3,6,33.3,0.11,2.0,7.33,3.72,56.89,1.61,9.3,262.0,76.1,1.1,15.1
388,7,Play in,Jayce,15,38.5,10,5,3,3,2,60.0,3.4,1.6,3.6,4.38,252.2,8.66,11.8,404.0,66.0,32.1,22.2
389,7,Play in,Thresh,15,38.5,13,2,2,1,1,50.0,0.5,1.5,6.5,4.67,48.0,1.25,9.9,258.0,73.7,5.3,14.6
390,7,Play in,Varus,14,35.9,4,10,7,4,6,40.0,4.6,2.3,5.4,4.35,362.9,9.49,16.9,442.0,84.7,39.0,24.6
391,7,Play in,Elise,11,28.2,8,3,3,0,3,0.0,0.67,3.67,1.0,0.45,94.33,3.57,7.3,278.0,100.0,40.0,18.4
392,7,Play in,Ryze,10,25.6,7,3,3,2,1,66.7,3.67,0.67,4.33,12.0,235.33,8.77,11.4,424.0,75.0,34.4,22.8
393,7,Play in,Cassiopeia,9,23.1,3,6,5,4,2,66.7,3.17,2.67,4.0,2.69,260.83,7.96,12.6,384.0,69.4,30.6,21.4
394,7,Play in,Rumble,9,23.1,3,6,4,3,3,50.0,3.5,2.5,4.0,3.0,217.5,8.21,10.2,383.0,56.3,26.3,20.7
395,7,Play in,Lucian,9,23.1,7,2,2,0,2,0.0,0.5,2.0,1.5,1.0,233.5,8.24,9.3,328.0,100.0,25.0,21.7
396,7,Play in,Karma,8,20.5,3,5,5,2,3,40.0,0.2,1.0,7.2,7.4,61.2,2.05,8.3,276.0,86.0,2.3,16.2
397,7,Play in,Nidalee,8,20.5,4,4,4,2,2,50.0,3.75,2.0,4.0,3.88,210.5,5.35,14.1,357.0,79.5,38.5,19.9
398,7,Play in,Kassadin,8,20.5,6,2,2,1,1,50.0,0.0,1.5,2.0,1.33,264.5,7.99,11.4,346.0,36.4,0.0,19.8
399,7,Play in,Gnar,7,17.9,3,4,4,2,2,50.0,1.25,2.75,4.25,2.0,244.0,7.86,10.8,349.0,71.0,16.1,19.6
400,7,Play in,Lee Sin,6,15.4,1,5,3,1,4,20.0,1.8,2.0,5.6,3.7,148.2,4.31,10.9,317.0,64.9,15.8,18.0
401,7,Play in,Morgana,6,15.4,2,4,3,2,2,50.0,0.5,1.0,9.0,9.5,15.75,0.52,9.7,318.0,74.5,3.9,16.9
402,7,Play in,Jax,6,15.4,3,3,3,1,2,33.3,1.0,3.67,2.67,1.0,234.67,7.49,11.1,353.0,57.9,15.8,21.0
403,7,Play in,Aurelion Sol,6,15.4,4,2,2,2,0,100.0,6.5,2.5,7.0,5.4,208.5,7.43,12.2,435.0,87.1,41.9,21.8
404,7,Play in,Olaf,6,15.4,4,2,1,1,1,50.0,2.0,3.0,5.0,2.33,163.5,4.55,12.0,334.0,56.0,16.0,18.5
405,7,Play in,Ezreal,5,12.8,1,4,3,3,1,75.0,2.75,2.5,6.25,3.6,154.25,4.66,11.9,361.0,69.2,21.2,18.8
406,7,Play in,Camille,5,12.8,1,4,3,2,2,50.0,2.0,2.5,4.25,2.5,240.5,7.83,11.3,367.0,64.1,20.5,21.2
407,7,Play in,Trundle,5,12.8,5,0,0,0,0,0.0,0.0,0.0,0.0,0.0,0.0,0.0,0.0,0.0,0.0,0.0,0.0
408,7,Play in,Blitzcrank,4,10.3,3,1,1,0,1,0.0,2.0,3.0,12.0,4.67,63.0,1.34,12.4,264.0,100.0,14.3,15.7
409,7,Play in,Kayn,4,10.3,3,1,1,0,1,0.0,3.0,4.0,3.0,1.5,146.0,4.97,10.2,348.0,75.0,37.5,20.9
410,7,Play in,Taric,3,7.7,0,3,3,2,1,66.7,0.0,1.0,10.0,10.0,15.0,0.47,9.8,311.0,90.9,0.0,16.5
411,7,Play in,Twitch,3,7.7,1,2,2,2,0,100.0,7.5,0.5,4.5,24.0,322.0,9.21,16.6,475.0,85.7,53.6,23.5
412,7,Play in,Anivia,3,7.7,2,1,1,0,1,0.0,1.0,5.0,2.0,0.6,229.0,7.8,10.4,354.0,37.5,12.5,21.4
413,7,Play in,Dr. Mundo,3,7.7,3,0,0,0,0,0.0,0.0,0.0,0.0,0.0,0.0,0.0,0.0,0.0,0.0,0.0,0.0
414,7,Play in,Ashe,2,5.1,0,2,1,1,1,50.0,1.0,2.5,11.0,4.8,220.0,8.6,10.6,412.0,75.0,6.3,20.9
415,7,Play in,Sivir,2,5.1,0,2,2,1,1,50.0,4.0,2.0,7.0,5.5,423.5,10.38,17.8,435.0,78.6,28.6,23.9
416,7,Play in,Fiora,2,5.1,0,2,2,0,2,0.0,3.0,3.0,2.0,1.67,284.5,9.05,12.1,385.0,76.9,46.2,22.9
417,7,Play in,Vladimir,2,5.1,0,2,2,0,2,0.0,2.5,5.0,1.5,0.8,266.5,8.69,10.8,350.0,34.8,21.7,20.8
418,7,Play in,Caitlyn,2,5.1,1,1,1,0,1,0.0,1.0,1.0,1.0,2.0,240.0,8.62,9.4,338.0,66.7,33.3,22.3
419,7,Play in,Renekton,2,5.1,1,1,1,0,1,0.0,1.0,4.0,1.0,0.5,378.0,9.75,14.8,382.0,33.3,16.7,22.7
420,7,Play in,Zac,2,5.1,1,1,1,0,1,0.0,0.0,3.0,2.0,0.67,125.0,4.53,7.5,272.0,100.0,0.0,18.4
421,7,Play in,Ekko,1,2.6,0,1,1,1,0,100.0,2.0,2.0,10.0,6.0,460.0,9.8,20.4,435.0,75.0,12.5,22.8
422,7,Play in,Graves,1,2.6,0,1,1,1,0,100.0,11.0,1.0,9.0,20.0,124.0,5.29,11.7,499.0,52.6,28.9,21.8
423,7,Play in,Vayne,1,2.6,0,1,1,1,0,100.0,5.0,4.0,14.0,4.75,150.0,6.4,10.4,443.0,50.0,13.2,19.4
424,7,Play in,Draven,1,2.6,0,1,1,0,1,0.0,2.0,3.0,2.0,1.33,529.0,10.11,22.4,428.0,44.4,22.2,25.2
425,7,Play in,Jhin,1,2.6,0,1,1,0,1,0.0,0.0,2.0,0.0,0.0,321.0,9.09,12.0,340.0,0.0,0.0,22.2
426,7,Play in,Kha'Zix,1,2.6,0,1,1,0,1,0.0,3.0,3.0,1.0,1.33,146.0,3.64,12.2,304.0,100.0,75.0,18.7
427,7,Play in,Malzahar,1,2.6,0,1,1,0,1,0.0,1.0,4.0,2.0,0.75,27.0,0.92,8.0,273.0,37.5,12.5,16.4
428,7,Play in,Nunu,1,2.6,0,1,1,0,1,0.0,1.0,8.0,5.0,0.75,48.0,2.05,6.9,294.0,66.7,11.1,19.0
429,7,Play in,Soraka,1,2.6,0,1,1,0,1,0.0,0.0,3.0,1.0,0.33,8.0,0.31,6.6,258.0,100.0,0.0,17.7
430,7,Play in,Yasuo,1,2.6,0,1,1,0,1,0.0,0.0,8.0,2.0,0.25,125.0,5.33,6.5,277.0,22.2,0.0,17.9
431,7,Play in,Amumu,1,2.6,1,0,0,0,0,0.0,0.0,0.0,0.0,0.0,0.0,0.0,0.0,0.0,0.0,0.0,0.0
432,7,Play in,Brand,1,2.6,1,0,0,0,0,0.0,0.0,0.0,0.0,0.0,0.0,0.0,0.0,0.0,0.0,0.0,0.0
433,7,Main,Kalista,80,100.0,80,0,0,0,0,0.0,0.0,0.0,0.0,0.0,0.0,0.0,0.0,0.0,0.0,0.0,0.0
434,7,Main,Sejuani,79,98.8,35,44,17,22,22,50.0,1.41,1.77,6.05,4.21,149.32,4.05,11.9,323.0,77.2,14.6,17.6
435,7,Main,Jarvan IV,79,98.8,37,42,16,22,20,52.4,1.55,2.4,6.55,3.37,158.93,4.5,11.5,324.0,79.6,15.2,17.7
436,7,Main,Janna,76,95.0,32,44,14,31,13,70.5,0.3,0.93,8.36,9.29,27.59,0.76,12.1,331.0,83.7,2.9,17.5
437,7,Main,Lulu,75,93.8,28,47,17,19,28,40.4,0.38,1.55,5.79,3.97,26.38,0.72,11.0,301.0,74.6,4.6,16.7
438,7,Main,Galio,73,91.3,52,21,10,14,7,66.7,1.76,1.52,7.52,6.09,276.38,8.22,12.7,379.0,79.6,15.1,19.9
439,7,Main,Xayah,69,86.3,44,25,13,13,12,52.0,3.08,1.28,4.48,5.91,363.52,10.05,15.8,438.0,75.6,30.8,23.8
440,7,Main,Cho'Gath,62,77.5,21,41,17,21,20,51.2,2.05,2.2,4.15,2.82,288.02,7.64,13.4,357.0,66.8,22.1,19.5
441,7,Main,Tristana,61,76.3,16,45,15,22,23,48.9,3.2,1.64,2.87,3.69,353.69,10.06,15.3,436.0,73.4,38.7,24.1
442,7,Main,Gragas,58,72.5,22,36,15,23,13,63.9,0.92,1.97,5.39,3.2,136.11,3.76,11.3,311.0,69.2,10.1,16.9
443,7,Main,Rakan,54,67.5,34,20,12,11,9,55.0,0.55,2.1,7.9,4.02,25.55,0.74,10.6,304.0,80.9,5.3,16.5
444,7,Main,Syndra,51,63.7,28,23,13,10,13,43.5,2.26,1.96,3.83,3.11,342.87,9.29,14.6,396.0,70.4,26.1,21.9
445,7,Main,Shen,51,63.7,29,22,11,11,11,50.0,1.77,1.64,5.64,4.53,324.09,8.55,14.2,375.0,75.5,18.1,20.3
446,7,Main,Kog'Maw,49,61.3,22,27,14,12,15,44.4,3.44,2.22,3.04,2.92,349.7,9.48,15.6,423.0,71.7,38.1,23.4
447,7,Main,Jayce,47,58.8,36,11,7,7,4,63.6,2.91,1.73,3.27,3.58,313.64,9.23,13.9,409.0,66.0,31.1,22.5
448,7,Main,Ryze,43,53.8,15,28,13,9,19,32.1,2.36,1.64,3.0,3.26,320.71,9.5,13.4,398.0,68.2,30.0,22.4
449,7,Main,Gnar,41,51.2,25,16,9,12,4,75.0,2.44,1.94,4.13,3.39,315.25,8.45,14.8,398.0,69.5,25.8,21.1
450,7,Main,Taliyah,40,50.0,24,16,8,9,7,56.3,3.0,1.44,4.13,4.96,344.88,9.25,15.2,407.0,72.6,30.6,22.1
451,7,Main,Maokai,32,40.0,6,26,14,7,19,26.9,0.54,2.54,3.69,1.67,233.27,6.96,10.8,323.0,56.1,7.1,18.6
452,7,Main,Orianna,32,40.0,19,13,8,6,7,46.2,2.31,2.08,5.69,3.85,332.15,9.11,14.5,398.0,81.9,23.6,22.0
453,7,Main,Twitch,31,38.8,9,22,9,13,9,59.1,4.18,1.59,3.32,4.71,343.27,9.58,15.5,433.0,77.5,43.2,23.5
454,7,Main,Varus,29,36.3,6,23,9,10,13,43.5,2.65,1.74,4.22,3.95,364.57,9.95,15.5,422.0,71.2,27.5,23.2
455,7,Main,Cassiopeia,29,36.3,20,9,6,4,5,44.4,1.89,1.67,4.33,3.73,316.11,9.04,13.5,385.0,82.4,25.0,21.9
456,7,Main,LeBlanc,27,33.8,23,4,4,3,1,75.0,5.0,1.0,3.25,8.25,262.5,7.8,13.4,397.0,82.5,50.0,21.5
457,7,Main,Trundle,22,27.5,11,11,9,6,5,54.5,1.36,1.27,6.0,5.79,331.18,8.97,14.5,392.0,77.1,14.3,21.2
458,7,Main,Ezreal,22,27.5,16,6,3,2,4,33.3,1.67,2.0,4.83,3.25,162.83,4.56,12.0,335.0,79.6,20.4,18.6
459,7,Main,Taric,20,25.0,2,18,8,7,11,38.9,0.17,1.39,6.28,4.64,31.56,0.96,9.1,279.0,83.5,2.2,15.7
460,7,Main,Corki,19,23.8,3,16,10,7,9,43.8,2.0,1.75,4.06,3.46,374.06,10.01,15.8,422.0,78.2,25.8,23.6
461,7,Main,Caitlyn,19,23.8,10,9,4,6,3,66.7,3.33,1.0,4.67,8.0,316.78,9.85,14.1,439.0,69.2,28.8,23.2
462,7,Main,Rek'Sai,18,22.5,7,11,7,4,7,36.4,2.36,2.45,4.18,2.67,168.91,4.8,11.6,330.0,71.3,25.7,18.2
463,7,Main,Malzahar,17,21.3,7,10,3,9,1,90.0,2.7,2.3,5.2,3.43,318.2,8.57,15.2,409.0,64.8,22.1,21.1
464,7,Main,Lucian,17,21.3,12,5,3,1,4,20.0,2.8,3.6,5.2,2.22,361.0,8.81,16.4,399.0,80.0,28.0,22.4
465,7,Main,Rumble,15,18.8,8,7,4,3,4,42.9,2.14,2.29,4.0,2.69,237.43,7.56,10.9,347.0,63.2,22.1,19.3
466,7,Main,Karma,14,17.5,3,11,8,3,8,27.3,0.45,2.45,4.45,2.0,90.36,2.76,10.0,306.0,66.7,6.2,17.8
467,7,Main,Kassadin,14,17.5,10,4,4,2,2,50.0,2.25,2.0,3.5,2.88,284.25,9.24,12.3,400.0,56.1,22.0,21.8
468,7,Main,Renekton,9,11.3,6,3,3,1,2,33.3,3.67,2.33,2.33,2.57,287.33,8.48,13.8,406.0,56.3,34.4,22.7
469,7,Main,Kha'Zix,7,8.8,4,3,2,3,0,100.0,2.33,2.33,7.0,4.0,187.0,5.18,13.5,375.0,71.8,17.9,18.7
470,7,Main,Thresh,7,8.8,4,3,2,1,2,33.3,1.0,1.67,7.0,4.8,35.0,0.85,10.9,267.0,77.4,9.7,15.4
471,7,Main,Blitzcrank,6,7.5,3,3,2,1,2,33.3,0.67,3.0,5.67,2.11,35.0,1.0,9.0,258.0,73.1,7.7,14.7
472,7,Main,Soraka,5,6.3,1,4,1,3,1,75.0,0.25,2.0,5.5,2.88,20.5,0.51,11.5,286.0,74.2,3.2,15.6
473,7,Main,Kennen,5,6.3,1,4,2,2,2,50.0,2.25,2.75,3.75,2.18,293.5,8.29,13.4,379.0,70.6,26.5,20.8
474,7,Main,Vayne,5,6.3,1,4,3,2,2,50.0,4.5,1.0,3.5,8.0,339.5,10.06,15.4,455.0,72.7,40.9,24.7
475,7,Main,Zac,5,6.3,1,4,3,1,3,25.0,0.75,2.75,3.75,1.64,138.5,3.85,10.6,295.0,85.7,14.3,16.9
476,7,Main,Ivern,5,6.3,3,2,2,1,1,50.0,0.5,2.5,7.5,3.2,90.5,2.65,10.9,319.0,61.5,3.8,17.2
477,7,Main,Fizz,4,5.0,0,4,2,3,1,75.0,2.5,1.25,4.0,5.2,275.25,7.86,13.2,375.0,76.5,29.4,20.6
478,7,Main,Lee Sin,4,5.0,0,4,3,2,2,50.0,1.25,2.5,4.25,2.2,139.5,3.56,12.1,308.0,73.3,16.7,16.9
479,7,Main,Leona,4,5.0,1,3,2,2,1,66.7,2.0,2.33,8.67,4.57,55.33,1.49,10.9,292.0,65.3,12.2,15.1
480,7,Main,Kayn,4,5.0,1,3,1,1,2,33.3,2.33,2.33,2.67,2.14,211.0,6.19,11.6,341.0,62.5,29.2,19.2
481,7,Main,Sivir,4,5.0,1,3,2,1,2,33.3,2.67,2.67,3.0,2.13,478.0,11.58,18.9,458.0,53.1,25.0,25.2
482,7,Main,Singed,4,5.0,2,2,1,2,0,100.0,1.0,1.5,6.0,4.67,239.0,8.39,11.2,393.0,50.0,7.1,19.5
483,7,Main,Elise,4,5.0,2,2,1,1,1,50.0,1.5,1.5,5.0,4.33,153.5,4.56,11.3,336.0,41.9,9.7,17.3
484,7,Main,Nocturne,4,5.0,2,2,2,1,1,50.0,3.0,4.0,4.0,1.75,166.5,6.06,9.9,362.0,50.0,21.4,20.4
485,7,Main,Alistar,4,5.0,2,2,2,0,2,0.0,0.0,2.5,3.0,1.2,28.5,0.88,7.8,238.0,54.5,0.0,14.5
486,7,Main,Nidalee,4,5.0,3,1,1,0,1,0.0,2.0,3.0,1.0,1.0,219.0,5.65,12.5,323.0,100.0,66.7,19.0
487,7,Main,Nautilus,3,3.8,0,3,2,2,1,66.7,0.67,2.0,4.33,2.5,235.67,7.36,10.9,339.0,60.0,8.0,18.5
488,7,Main,Camille,3,3.8,0,3,2,1,2,33.3,2.33,1.67,1.0,2.0,259.0,8.95,11.7,404.0,40.0,28.0,22.6
489,7,Main,Yasuo,3,3.8,0,3,3,1,2,33.3,2.67,3.0,4.67,2.44,403.67,9.54,16.7,394.0,66.7,24.2,21.9
490,7,Main,Graves,3,3.8,1,2,1,1,1,50.0,1.5,3.0,4.5,2.0,206.0,5.6,13.1,355.0,66.7,16.7,19.0
491,7,Main,Urgot,3,3.8,1,2,1,1,1,50.0,2.0,4.0,2.0,1.0,254.0,8.14,11.5,368.0,44.4,22.2,20.3
492,7,Main,Morgana,2,2.5,0,2,2,0,2,0.0,1.5,2.5,13.0,5.8,20.0,0.47,13.8,325.0,78.4,8.1,17.5
493,7,Main,Braum,2,2.5,1,1,1,1,0,100.0,0.0,1.0,13.0,13.0,63.0,1.68,10.5,280.0,81.3,0.0,14.4
494,7,Main,Nasus,2,2.5,1,1,1,1,0,100.0,2.0,0.0,0.0,2.0,205.0,9.82,9.4,450.0,40.0,40.0,22.9
495,7,Main,Jax,2,2.5,1,1,1,0,1,0.0,3.0,4.0,4.0,1.75,358.0,8.04,16.3,366.0,46.7,20.0,21.1
496,7,Main,Vladimir,2,2.5,1,1,1,0,1,0.0,1.0,1.0,5.0,6.0,306.0,9.44,11.3,349.0,75.0,12.5,21.6
497,7,Main,Sion,2,2.5,2,0,0,0,0,0.0,0.0,0.0,0.0,0.0,0.0,0.0,0.0,0.0,0.0,0.0,0.0
498,7,Main,Ashe,1,1.3,0,1,1,1,0,100.0,5.0,0.0,3.0,8.0,308.0,9.63,15.0,469.0,53.3,33.3,22.4
499,7,Main,Lissandra,1,1.3,0,1,1,1,0,100.0,3.0,1.0,6.0,9.0,366.0,10.79,15.9,469.0,81.8,27.3,23.3
500,7,Main,Tahm Kench,1,1.3,0,1,1,1,0,100.0,1.0,1.0,0.0,1.0,61.0,1.61,10.1,267.0,16.7,16.7,14.6
501,7,Main,Aurelion Sol,1,1.3,0,1,1,0,1,0.0,3.0,4.0,7.0,2.5,512.0,9.45,22.0,406.0,90.9,27.3,22.7
502,7,Main,Ekko,1,1.3,0,1,1,0,1,0.0,3.0,2.0,3.0,3.0,462.0,9.62,20.5,427.0,75.0,37.5,23.0
503,7,Main,Gangplank,1,1.3,0,1,1,0,1,0.0,2.0,4.0,4.0,1.5,373.0,9.63,17.6,455.0,85.7,28.6,27.1
504,7,Main,Jinx,1,1.3,0,1,1,0,1,0.0,0.0,2.0,0.0,0.0,533.0,11.39,19.3,413.0,0.0,0.0,25.4
505,7,Main,Mordekaiser,1,1.3,0,1,1,0,1,0.0,0.0,8.0,0.0,0.0,140.0,5.84,6.4,267.0,0.0,0.0,19.3
506,7,Main,Nami,1,1.3,0,1,1,0,1,0.0,1.0,2.0,6.0,3.5,22.0,0.49,12.6,278.0,100.0,14.3,16.7
507,7,Main,Rengar,1,1.3,0,1,1,0,1,0.0,6.0,6.0,1.0,1.17,274.0,5.71,16.6,346.0,43.8,37.5,19.2
508,7,Main,Sona,1,1.3,0,1,1,0,1,0.0,0.0,4.0,5.0,1.25,38.0,1.19,9.4,295.0,71.4,0.0,17.6
509,7,Main,Zilean,1,1.3,0,1,1,0,1,0.0,2.0,5.0,12.0,2.8,34.0,0.71,14.4,300.0,87.5,12.5,16.7
510,7,Main,Bard,1,1.3,1,0,0,0,0,0.0,0.0,0.0,0.0,0.0,0.0,0.0,0.0,0.0,0.0,0.0,0.0
511,7,Main,Twisted Fate,1,1.3,1,0,0,0,0,0.0,0.0,0.0,0.0,0.0,0.0,0.0,0.0,0.0,0.0,0.0,0.0
512,8,Play in,Urgot,42,100.0,23,19,12,13,6,68.4,3.47,2.16,4.47,3.68,278.68,8.34,13.4,400.0,56.1,24.5,21.6
513,8,Play in,Aatrox,42,100.0,31,11,8,3,8,27.3,2.36,2.55,2.73,2.0,281.18,8.5,12.1,366.0,51.4,23.9,21.6
514,8,Play in,Alistar,38,90.5,16,22,12,13,9,59.1,0.68,2.77,7.5,2.95,50.27,1.56,7.7,240.0,69.5,5.8,13.4
515,8,Play in,Akali,33,78.6,25,8,6,3,5,37.5,4.13,1.75,3.25,4.21,261.38,8.5,11.9,388.0,71.1,39.8,22.2
516,8,Play in,Kai'Sa,32,76.2,6,26,9,18,8,69.2,5.54,1.38,4.08,6.94,311.0,9.72,14.6,458.0,66.7,38.4,24.5
517,8,Play in,Gragas,31,73.8,14,17,11,7,10,41.2,1.53,2.65,5.47,2.64,118.18,3.84,8.9,288.0,63.0,13.8,17.0
518,8,Play in,Rakan,31,73.8,18,13,8,7,6,53.8,0.92,2.54,9.69,4.18,17.23,0.56,7.9,256.0,83.1,7.2,14.3
519,8,Play in,Tahm Kench,30,71.4,17,13,10,6,7,46.2,0.77,2.31,7.15,3.43,68.46,2.05,8.4,252.0,62.8,6.1,14.3
520,8,Play in,Skarner,27,64.3,15,12,8,7,5,58.3,1.67,2.5,7.67,3.73,171.17,5.01,11.2,328.0,70.4,12.6,18.0
521,8,Play in,Olaf,27,64.3,18,9,6,3,6,33.3,2.11,2.67,5.11,2.71,162.78,5.07,10.1,316.0,73.9,21.6,18.5
522,8,Play in,Ryze,26,61.9,16,10,7,8,2,80.0,2.8,1.7,5.4,4.82,313.0,10.13,13.4,433.0,63.6,21.7,22.9
523,8,Play in,LeBlanc,25,59.5,15,10,8,6,4,60.0,3.8,2.0,4.8,4.3,258.0,8.02,12.2,380.0,62.8,27.7,21.0
524,8,Play in,Ornn,24,57.1,11,13,8,6,7,46.2,1.23,1.85,6.0,3.92,235.0,7.31,10.6,331.0,61.4,10.5,19.3
525,8,Play in,Varus,24,57.1,15,9,6,5,4,55.6,4.11,2.56,5.11,3.61,294.67,9.35,13.6,432.0,74.8,33.3,24.7
526,8,Play in,Irelia,23,54.8,17,6,5,5,1,83.3,4.67,4.17,6.67,2.72,306.83,8.37,15.1,413.0,62.4,25.7,21.8
527,8,Play in,Nocturne,22,52.4,10,12,8,6,6,50.0,2.67,3.17,6.58,2.92,164.0,5.29,10.5,338.0,64.5,18.6,19.0
528,8,Play in,Sion,21,50.0,6,15,7,6,9,40.0,0.73,1.87,4.2,2.64,224.53,7.58,9.7,329.0,57.4,8.5,19.7
529,8,Play in,Syndra,19,45.2,9,10,6,4,6,40.0,3.1,2.4,5.0,3.38,297.1,9.14,12.7,392.0,64.8,24.8,22.2
530,8,Play in,Camille,19,45.2,11,8,6,3,5,37.5,2.38,2.88,4.13,2.26,196.25,6.98,10.5,374.0,64.2,23.5,21.2
531,8,Play in,Heimerdinger,17,40.5,14,3,1,0,3,0.0,0.0,5.0,1.33,0.27,189.33,7.04,7.7,288.0,28.6,0.0,19.6
532,8,Play in,Xayah,16,38.1,6,10,7,5,5,50.0,4.0,2.2,5.6,4.36,303.8,9.43,13.8,427.0,72.7,30.3,24.2
533,8,Play in,Galio,16,38.1,10,6,4,3,3,50.0,2.83,1.67,5.0,4.7,252.17,8.54,11.2,381.0,67.1,24.3,21.6
534,8,Play in,Lucian,15,35.7,4,11,5,2,9,18.2,1.64,2.45,3.91,2.26,296.27,9.76,11.9,392.0,64.9,19.1,23.9
535,8,Play in,Braum,15,35.7,5,10,8,4,6,40.0,0.1,2.2,5.3,2.45,64.7,2.18,7.1,240.0,67.5,1.3,14.2
536,8,Play in,Kindred,13,31.0,6,7,4,4,3,57.1,2.86,2.57,4.86,3.0,172.0,5.63,10.8,352.0,81.8,30.3,20.2
537,8,Play in,Thresh,12,28.6,4,8,5,4,4,50.0,0.63,3.38,7.75,2.48,13.5,0.44,7.7,249.0,69.1,5.2,14.2
538,8,Play in,Lissandra,12,28.6,8,4,3,3,1,75.0,2.25,3.5,10.5,3.64,306.0,8.49,13.7,379.0,66.2,11.7,20.7
539,8,Play in,Tristana,11,26.2,1,10,8,4,6,40.0,3.2,2.0,3.2,3.2,311.4,9.92,13.2,422.0,70.3,35.2,25.4
540,8,Play in,Taliyah,11,26.2,3,8,4,6,2,75.0,3.5,2.25,8.38,5.28,193.5,6.07,12.0,377.0,75.4,22.2,20.0
541,8,Play in,Xin Zhao,10,23.8,4,6,5,3,3,50.0,1.5,3.17,3.67,1.63,172.83,5.3,10.6,324.0,57.4,16.7,18.4
542,8,Play in,Shen,9,21.4,3,6,5,4,2,66.7,3.33,1.67,6.5,5.9,203.33,7.23,10.4,371.0,62.1,21.1,20.0
543,8,Play in,Poppy,8,19.0,3,5,4,4,1,80.0,1.0,1.8,5.4,3.56,222.6,6.67,10.9,325.0,51.6,8.1,18.4
544,8,Play in,Ziggs,7,16.7,6,1,1,0,1,0.0,4.0,2.0,7.0,5.5,341.0,7.84,16.4,378.0,78.6,28.6,21.6
545,8,Play in,Leona,6,14.3,2,4,4,2,2,50.0,0.25,2.75,8.75,3.27,63.75,1.95,7.8,238.0,69.2,1.9,13.3
546,8,Play in,Cassiopeia,6,14.3,2,4,4,0,4,0.0,2.0,4.75,5.25,1.53,291.0,8.64,12.1,359.0,82.9,22.9,22.4
547,8,Play in,Morgana,6,14.3,3,3,2,2,1,66.7,2.0,3.67,10.0,3.27,22.33,0.62,9.3,259.0,75.0,12.5,14.4
548,8,Play in,Zoe,6,14.3,5,1,1,0,1,0.0,0.0,6.0,3.0,0.5,206.0,6.81,9.0,297.0,75.0,0.0,20.0
549,8,Play in,Malzahar,5,11.9,1,4,3,1,3,25.0,2.5,3.0,3.0,1.83,254.75,8.84,11.0,380.0,71.0,32.3,23.8
550,8,Play in,Pyke,5,11.9,3,2,2,0,2,0.0,1.5,5.0,2.5,0.8,34.0,1.2,6.2,218.0,53.3,20.0,14.1
551,8,Play in,Anivia,5,11.9,4,1,1,1,0,100.0,3.0,0.0,12.0,15.0,289.0,8.0,13.3,369.0,83.3,16.7,21.3
552,8,Play in,Zilean,5,11.9,4,1,1,1,0,100.0,2.0,0.0,3.0,5.0,280.0,8.81,12.5,394.0,100.0,40.0,21.7
553,8,Play in,Draven,4,9.5,0,4,2,2,2,50.0,4.0,2.75,4.25,3.0,296.0,9.31,15.1,475.0,64.7,31.4,26.0
554,8,Play in,Orianna,4,9.5,0,4,3,2,2,50.0,2.0,1.75,7.25,5.29,291.75,9.14,12.5,391.0,80.4,17.4,22.3
555,8,Play in,Ezreal,4,9.5,0,4,2,1,3,25.0,1.5,2.0,2.25,1.88,261.25,9.23,11.1,392.0,68.2,27.3,23.9
556,8,Play in,Jhin,4,9.5,1,3,1,3,0,100.0,5.33,0.67,7.0,18.5,379.67,10.75,17.2,488.0,74.0,32.0,25.0
557,8,Play in,Trundle,4,9.5,1,3,3,0,3,0.0,1.33,3.33,4.33,1.7,142.0,4.43,9.1,283.0,89.5,21.1,17.7
558,8,Play in,Azir,4,9.5,2,2,2,2,0,100.0,4.0,0.0,4.5,17.0,320.0,9.22,14.8,426.0,68.0,32.0,22.2
559,8,Play in,Lee Sin,4,9.5,2,2,2,1,1,50.0,4.0,2.5,7.0,4.4,153.5,5.31,10.5,363.0,73.3,26.7,20.2
560,8,Play in,Vel'Koz,4,9.5,3,1,1,1,0,100.0,4.0,1.0,6.0,10.0,353.0,10.04,15.4,437.0,62.5,25.0,21.9
561,8,Play in,Yasuo,4,9.5,3,1,1,1,0,100.0,1.0,1.0,12.0,13.0,210.0,8.39,10.5,421.0,81.3,6.3,21.6
562,8,Play in,Maokai,3,7.1,0,3,2,2,1,66.7,1.67,1.33,7.67,7.0,192.67,7.05,9.6,351.0,71.8,12.8,19.5
563,8,Play in,Jarvan IV,3,7.1,0,3,3,1,2,33.3,1.67,2.33,8.33,4.29,191.0,6.37,10.2,340.0,81.1,13.5,19.4
564,8,Play in,Kassadin,3,7.1,0,3,3,1,2,33.3,3.33,2.67,3.33,2.5,251.33,8.95,11.1,396.0,76.9,38.5,23.5
565,8,Play in,Karma,3,7.1,1,2,1,2,0,100.0,1.5,1.0,8.0,9.5,216.5,8.04,10.4,387.0,79.2,12.5,20.2
566,8,Play in,Cho'Gath,3,7.1,1,2,2,1,1,50.0,1.5,2.0,2.5,2.0,298.5,8.92,12.5,375.0,36.4,13.6,21.6
567,8,Play in,Darius,3,7.1,2,1,1,1,0,100.0,1.0,1.0,5.0,6.0,285.0,8.61,14.4,435.0,54.5,9.1,21.6
568,8,Play in,Singed,3,7.1,2,1,1,1,0,100.0,2.0,2.0,7.0,4.5,263.0,9.59,12.3,450.0,50.0,11.1,21.0
569,8,Play in,Nautilus,2,4.8,0,2,2,2,0,100.0,1.0,0.5,10.5,23.0,60.0,2.15,8.4,302.0,62.2,5.4,15.0
570,8,Play in,Graves,2,4.8,0,2,2,1,1,50.0,3.5,1.0,5.5,9.0,199.5,6.77,11.9,403.0,85.7,33.3,22.3
571,8,Play in,Vayne,2,4.8,0,2,2,0,2,0.0,2.0,3.0,0.5,0.83,272.5,8.82,10.7,347.0,33.3,26.7,23.2
572,8,Play in,Viktor,2,4.8,0,2,2,0,2,0.0,1.0,2.5,2.0,1.2,301.5,9.09,11.7,354.0,50.0,16.7,22.3
573,8,Play in,Ashe,2,4.8,1,1,1,0,1,0.0,0.0,3.0,2.0,0.67,280.0,9.31,10.3,342.0,66.7,0.0,23.4
574,8,Play in,Gnar,2,4.8,1,1,1,0,1,0.0,0.0,2.0,0.0,0.0,183.0,8.35,6.8,312.0,0.0,0.0,21.9
575,8,Play in,Sejuani,2,4.8,1,1,1,0,1,0.0,0.0,3.0,4.0,1.33,163.0,4.72,9.5,274.0,50.0,0.0,17.0
576,8,Play in,Gangplank,1,2.4,0,1,1,1,0,100.0,2.0,3.0,10.0,4.0,319.0,9.17,16.2,466.0,85.7,14.3,25.2
577,8,Play in,Kalista,1,2.4,0,1,1,1,0,100.0,5.0,2.0,8.0,6.5,365.0,10.08,16.4,454.0,68.4,26.3,24.6
578,8,Play in,Zac,1,2.4,0,1,1,1,0,100.0,3.0,1.0,11.0,14.0,151.0,4.04,12.2,327.0,77.8,16.7,17.5
579,8,Play in,Ahri,1,2.4,0,1,1,0,1,0.0,1.0,3.0,11.0,4.0,280.0,7.51,13.8,369.0,92.3,7.7,20.6
580,8,Play in,Caitlyn,1,2.4,0,1,1,0,1,0.0,4.0,1.0,6.0,10.0,379.0,10.73,15.4,435.0,100.0,40.0,26.8
581,8,Play in,Corki,1,2.4,0,1,1,0,1,0.0,4.0,3.0,2.0,2.0,257.0,9.46,10.7,393.0,66.7,44.4,24.2
582,8,Play in,Fiora,1,2.4,0,1,1,0,1,0.0,4.0,4.0,2.0,1.5,274.0,9.68,12.2,432.0,54.5,36.4,24.9
583,8,Play in,Kog'Maw,1,2.4,0,1,1,0,1,0.0,0.0,1.0,2.0,2.0,229.0,8.96,9.0,351.0,100.0,0.0,23.3
584,8,Play in,Lulu,1,2.4,0,1,1,0,1,0.0,0.0,6.0,1.0,0.17,141.0,5.53,6.4,249.0,50.0,0.0,17.9
585,8,Play in,Nidalee,1,2.4,0,1,1,0,1,0.0,0.0,1.0,0.0,0.0,134.0,5.56,7.2,298.0,0.0,0.0,19.7
586,8,Play in,Soraka,1,2.4,0,1,1,0,1,0.0,1.0,2.0,2.0,1.5,11.0,0.31,6.6,187.0,50.0,16.7,12.7
587,8,Play in,Taric,1,2.4,0,1,1,0,1,0.0,0.0,3.0,10.0,3.33,81.0,2.0,10.1,248.0,71.4,0.0,13.9
588,8,Play in,Hecarim,1,2.4,1,0,0,0,0,0.0,0.0,0.0,0.0,0.0,0.0,0.0,0.0,0.0,0.0,0.0,0.0
589,8,Play in,Janna,1,2.4,1,0,0,0,0,0.0,0.0,0.0,0.0,0.0,0.0,0.0,0.0,0.0,0.0,0.0,0.0
590,8,Play in,Jax,1,2.4,1,0,0,0,0,0.0,0.0,0.0,0.0,0.0,0.0,0.0,0.0,0.0,0.0,0.0,0.0
591,8,Play in,Sivir,1,2.4,1,0,0,0,0,0.0,0.0,0.0,0.0,0.0,0.0,0.0,0.0,0.0,0.0,0.0,0.0
592,8,Play in,Zed,1,2.4,1,0,0,0,0,0.0,0.0,0.0,0.0,0.0,0.0,0.0,0.0,0.0,0.0,0.0,0.0
593,8,Main,Aatrox,76,98.7,45,31,17,17,14,54.8,2.1,2.48,4.42,2.62,285.19,9.03,12.3,390.0,52.1,16.8,21.6
594,8,Main,Alistar,75,97.4,47,28,12,15,13,53.6,0.5,2.18,6.32,3.13,48.36,1.52,7.4,231.0,65.0,4.8,13.1
595,8,Main,Urgot,73,94.8,45,28,17,13,15,46.4,2.64,2.64,3.75,2.42,265.96,8.21,12.1,375.0,63.5,26.2,21.7
596,8,Main,Irelia,64,83.1,40,24,13,14,10,58.3,3.63,2.96,4.42,2.72,283.96,9.31,12.7,417.0,65.0,29.3,22.9
597,8,Main,Kai'Sa,62,80.5,19,43,15,21,22,48.8,3.88,1.84,4.09,4.34,324.49,10.17,13.9,437.0,72.4,35.2,24.8
598,8,Main,Xayah,62,80.5,28,34,15,17,17,50.0,3.74,1.79,4.59,4.64,345.74,10.27,15.0,446.0,67.9,30.5,25.0
599,8,Main,Akali,62,80.5,51,11,8,8,3,72.7,4.55,2.27,4.55,4.0,323.45,8.69,14.6,393.0,61.0,30.5,21.8
600,8,Main,Rakan,56,72.7,25,31,13,17,14,54.8,0.94,2.35,8.29,3.92,17.0,0.54,7.7,243.0,74.9,7.6,13.7
601,8,Main,Nocturne,53,68.8,31,22,13,15,7,68.2,2.0,2.32,5.14,3.08,177.68,5.19,11.1,325.0,62.1,17.4,18.1
602,8,Main,LeBlanc,51,66.2,34,17,10,12,5,70.6,4.18,2.0,4.71,4.44,285.29,8.43,13.6,400.0,61.9,29.1,21.4
603,8,Main,Tahm Kench,50,64.9,34,16,10,7,9,43.8,0.5,2.25,5.0,2.44,67.06,1.97,8.2,243.0,60.7,5.5,13.7
604,8,Main,Sion,44,57.1,15,29,15,13,16,44.8,0.9,2.03,5.76,3.27,244.31,7.54,10.8,334.0,59.6,8.0,19.4
605,8,Main,Xin Zhao,44,57.1,19,25,12,14,11,56.0,2.72,2.36,5.64,3.54,151.68,4.83,10.4,332.0,65.9,21.5,18.5
606,8,Main,Lissandra,43,55.8,21,22,10,7,15,31.8,2.0,2.77,5.09,2.56,271.36,8.81,11.5,373.0,66.4,18.7,21.7
607,8,Main,Taliyah,42,54.5,25,17,10,10,7,58.8,3.18,1.88,5.47,4.59,182.47,5.61,11.3,348.0,77.0,28.3,19.8
608,8,Main,Camille,42,54.5,25,17,9,8,9,47.1,2.41,2.88,4.29,2.33,214.76,6.81,11.6,367.0,64.8,23.3,20.4
609,8,Main,Gragas,41,53.2,9,32,18,13,19,40.6,1.41,2.75,6.22,2.77,118.38,3.47,9.6,281.0,69.1,12.7,16.1
610,8,Main,Syndra,40,51.9,21,19,12,9,10,47.4,2.68,2.16,5.11,3.61,312.95,9.15,13.2,385.0,72.5,25.0,22.2
611,8,Main,Galio,38,49.4,17,21,10,10,11,47.6,2.24,2.14,4.71,3.24,273.14,8.68,11.7,371.0,66.4,21.4,21.2
612,8,Main,Thresh,36,46.8,15,21,11,9,12,42.9,0.62,3.43,9.43,2.93,33.86,1.02,7.5,224.0,75.4,4.6,12.9
613,8,Main,Ryze,34,44.2,17,17,13,8,9,47.1,2.35,1.88,4.0,3.38,306.94,9.89,12.5,403.0,59.3,22.0,22.9
614,8,Main,Braum,30,39.0,6,24,9,13,11,54.2,0.38,2.04,7.54,3.88,59.5,1.91,7.7,248.0,71.7,3.4,13.8
615,8,Main,Shen,28,36.4,12,16,9,9,7,56.3,1.31,2.13,6.38,3.62,160.88,4.99,10.0,309.0,65.4,11.2,17.4
616,8,Main,Sivir,27,35.1,9,18,7,12,6,66.7,3.44,1.67,6.33,5.87,366.33,10.81,15.5,456.0,71.0,25.0,25.3
617,8,Main,Olaf,27,35.1,11,16,13,7,9,43.8,3.38,1.81,4.94,4.59,172.56,5.04,11.3,331.0,68.9,28.0,18.6
618,8,Main,Ornn,25,32.5,13,12,8,10,2,83.3,1.5,2.08,7.58,4.36,266.83,7.55,12.5,352.0,60.6,10.0,19.1
619,8,Main,Lee Sin,24,31.2,7,17,7,9,8,52.9,2.71,2.06,5.0,3.74,151.71,4.96,10.2,333.0,69.3,24.3,18.8
620,8,Main,Lucian,23,29.9,8,15,6,9,6,60.0,3.33,1.73,4.6,4.58,319.13,10.19,13.8,442.0,64.7,27.2,24.7
621,8,Main,Kindred,23,29.9,17,6,4,2,4,33.3,1.33,3.33,5.0,1.9,176.67,5.48,10.6,329.0,69.1,14.5,19.2
622,8,Main,Varus,22,28.6,11,11,8,5,6,45.5,2.91,2.27,3.82,2.96,283.82,9.45,12.3,411.0,67.9,29.4,23.4
623,8,Main,Swain,19,24.7,8,11,6,5,6,45.5,3.45,2.55,3.45,2.71,251.18,8.3,11.6,384.0,69.1,34.5,22.0
624,8,Main,Heimerdinger,15,19.5,13,2,1,2,0,100.0,2.0,0.0,5.0,14.0,355.0,10.25,15.4,444.0,73.7,21.1,23.2
625,8,Main,Tristana,14,18.2,5,9,7,4,5,44.4,2.11,1.0,2.67,4.78,337.11,10.78,13.5,430.0,63.2,27.9,25.4
626,8,Main,Leona,13,16.9,2,11,8,7,4,63.6,1.0,3.0,8.45,3.15,57.55,1.82,7.9,249.0,70.3,7.4,13.6
627,8,Main,Viktor,13,16.9,6,7,4,3,4,42.9,3.0,2.71,5.43,3.11,243.14,8.39,11.8,409.0,59.6,21.2,22.3
628,8,Main,Jayce,13,16.9,8,5,5,3,2,60.0,3.2,3.2,4.2,2.31,317.0,9.33,14.2,419.0,60.7,26.2,22.7
629,8,Main,Poppy,11,14.3,3,8,7,2,6,25.0,1.0,2.5,3.75,1.9,218.13,6.09,11.2,312.0,55.9,11.8,18.7
630,8,Main,Jhin,11,14.3,5,6,2,2,4,33.3,1.33,1.5,3.83,3.44,345.67,10.57,13.4,408.0,62.0,16.0,23.5
631,8,Main,Skarner,11,14.3,8,3,3,0,3,0.0,1.0,3.33,6.0,2.1,174.0,4.88,10.6,298.0,75.0,10.7,17.8
632,8,Main,Ezreal,9,11.7,1,8,4,3,5,37.5,2.38,2.25,4.38,3.0,319.25,9.98,13.4,418.0,58.7,20.7,24.2
633,8,Main,Zilean,9,11.7,7,2,1,1,1,50.0,7.5,2.0,8.0,7.75,339.5,9.43,16.0,444.0,86.1,41.7,24.9
634,8,Main,Draven,8,10.4,6,2,1,1,1,50.0,4.5,1.5,5.5,6.67,317.5,9.75,15.7,483.0,95.2,42.9,27.4
635,8,Main,Azir,7,9.1,1,6,4,3,3,50.0,2.83,1.5,4.67,5.0,329.83,9.98,13.8,417.0,73.8,27.9,23.9
636,8,Main,Ekko,5,6.5,1,4,2,1,3,25.0,3.75,4.5,2.75,1.44,293.75,8.57,13.2,385.0,66.7,38.5,22.6
637,8,Main,Vel'Koz,5,6.5,3,2,2,1,1,50.0,1.5,2.0,3.5,2.5,334.0,8.77,13.9,366.0,55.6,16.7,21.2
638,8,Main,Graves,4,5.2,0,4,3,1,3,25.0,3.25,1.75,2.25,3.14,175.75,6.02,10.2,351.0,88.0,52.0,21.3
639,8,Main,Jax,4,5.2,2,2,2,1,1,50.0,1.5,2.5,5.5,2.8,247.5,8.33,11.6,389.0,58.3,12.5,21.4
640,8,Main,Cho'Gath,3,3.9,0,3,3,1,2,33.3,2.0,2.33,3.0,2.14,262.0,7.48,11.6,330.0,55.6,22.2,20.0
641,8,Main,Jarvan IV,3,3.9,0,3,3,1,2,33.3,2.33,3.67,8.33,2.91,164.0,4.85,11.2,331.0,94.1,20.6,18.8
642,8,Main,Cassiopeia,3,3.9,0,3,2,0,3,0.0,1.67,1.67,0.33,1.2,350.33,10.2,13.2,384.0,60.0,50.0,23.8
643,8,Main,Gangplank,3,3.9,1,2,2,1,1,50.0,2.5,1.5,7.0,6.33,306.5,9.43,15.7,483.0,52.8,13.9,25.7
644,8,Main,Nautilus,3,3.9,1,2,2,1,1,50.0,0.5,5.0,8.0,1.7,90.0,2.11,10.2,238.0,63.0,3.7,13.9
645,8,Main,Zoe,3,3.9,1,2,2,0,2,0.0,1.5,3.0,4.5,2.0,331.0,8.51,13.7,352.0,80.0,20.0,22.0
646,8,Main,Yasuo,3,3.9,2,1,1,1,0,100.0,1.0,5.0,9.0,2.0,380.0,7.96,17.7,372.0,83.3,8.3,22.0
647,8,Main,Zac,3,3.9,2,1,1,1,0,100.0,0.0,0.0,10.0,10.0,138.0,4.95,9.1,326.0,76.9,0.0,17.1
648,8,Main,Malzahar,3,3.9,2,1,1,0,1,0.0,0.0,3.0,4.0,1.33,321.0,9.21,12.0,344.0,66.7,0.0,21.3
649,8,Main,Kalista,2,2.6,0,2,2,1,1,50.0,2.5,2.5,6.5,3.6,268.0,9.45,11.2,396.0,64.3,17.9,22.7
650,8,Main,Fiora,2,2.6,0,2,1,0,2,0.0,3.0,1.5,1.5,3.0,361.0,10.34,15.3,438.0,52.9,35.3,25.2
651,8,Main,Hecarim,2,2.6,1,1,1,1,0,100.0,5.0,2.0,3.0,4.0,342.0,9.37,16.2,444.0,61.5,38.5,23.0
652,8,Main,Darius,2,2.6,2,0,0,0,0,0.0,0.0,0.0,0.0,0.0,0.0,0.0,0.0,0.0,0.0,0.0,0.0
653,8,Main,Pyke,2,2.6,2,0,0,0,0,0.0,0.0,0.0,0.0,0.0,0.0,0.0,0.0,0.0,0.0,0.0,0.0
654,8,Main,Ahri,1,1.3,0,1,1,1,0,100.0,3.0,3.0,7.0,3.33,267.0,8.97,12.4,418.0,71.4,21.4,21.2
655,8,Main,Kled,1,1.3,0,1,1,1,0,100.0,2.0,1.0,7.0,9.0,234.0,8.56,10.8,394.0,45.0,10.0,19.5
656,8,Main,Rek'Sai,1,1.3,0,1,1,1,0,100.0,10.0,3.0,8.0,6.0,210.0,6.01,15.4,442.0,66.7,37.0,21.2
657,8,Main,Singed,1,1.3,0,1,1,1,0,100.0,5.0,1.0,7.0,12.0,324.0,9.84,14.2,431.0,70.6,29.4,22.5
658,8,Main,Ashe,1,1.3,0,1,1,0,1,0.0,2.0,2.0,8.0,5.0,440.0,10.0,17.8,404.0,55.6,11.1,23.8
659,8,Main,Bard,1,1.3,0,1,1,0,1,0.0,1.0,2.0,2.0,1.5,26.0,0.8,6.9,213.0,75.0,25.0,14.4
660,8,Main,Brand,1,1.3,0,1,1,0,1,0.0,5.0,5.0,7.0,2.4,376.0,8.61,18.3,420.0,66.7,27.8,22.5
661,8,Main,Elise,1,1.3,0,1,1,0,1,0.0,0.0,2.0,4.0,2.0,107.0,3.91,6.7,246.0,100.0,0.0,17.4
662,8,Main,Evelynn,1,1.3,0,1,1,0,1,0.0,0.0,1.0,2.0,2.0,129.0,5.13,7.0,279.0,66.7,0.0,19.0
663,8,Main,Kassadin,1,1.3,0,1,1,0,1,0.0,0.0,3.0,1.0,0.33,204.0,7.22,8.3,293.0,20.0,0.0,19.6
664,8,Main,Lulu,1,1.3,0,1,1,0,1,0.0,0.0,0.0,5.0,5.0,332.0,9.36,12.7,359.0,100.0,0.0,21.3
665,8,Main,Mordekaiser,1,1.3,0,1,1,0,1,0.0,0.0,3.0,3.0,1.0,249.0,7.49,10.1,304.0,75.0,0.0,20.0
666,8,Main,Nami,1,1.3,0,1,1,0,1,0.0,0.0,3.0,1.0,0.33,10.0,0.44,4.1,181.0,20.0,0.0,12.2
667,8,Main,Nidalee,1,1.3,0,1,1,0,1,0.0,0.0,4.0,3.0,0.75,129.0,5.25,6.9,280.0,60.0,0.0,18.8
668,8,Main,Trundle,1,1.3,0,1,1,0,1,0.0,0.0,5.0,5.0,1.0,129.0,3.92,8.6,262.0,62.5,0.0,15.8
669,9,Play in,Pantheon,43,100.0,42,1,1,1,0,100.0,5.0,7.0,10.0,2.14,261.0,6.52,14.5,362.0,71.4,23.8,19.1
670,9,Play in,Syndra,41,95.3,27,14,10,9,5,64.3,3.93,2.21,3.71,3.45,330.64,8.81,15.2,405.0,53.5,27.5,22.2
671,9,Play in,Xayah,38,88.4,15,23,11,11,12,47.8,4.22,1.83,3.83,4.4,360.09,10.29,16.1,459.0,67.0,35.1,25.7
672,9,Play in,Qiyana,38,88.4,30,8,7,5,3,62.5,4.88,2.75,5.25,3.68,189.5,5.36,12.5,352.0,57.4,27.7,19.1
673,9,Play in,Renekton,29,67.4,16,13,6,5,8,38.5,1.92,2.31,2.92,2.1,248.85,7.43,12.1,362.0,42.3,16.8,20.6
674,9,Play in,Rakan,28,65.1,8,20,8,10,10,50.0,0.35,2.1,8.5,4.21,18.15,0.5,8.9,247.0,77.6,3.1,13.9
675,9,Play in,Gangplank,28,65.1,16,12,7,7,5,58.3,2.58,3.17,6.08,2.74,286.58,7.85,15.1,412.0,61.5,18.3,22.7
676,9,Play in,LeBlanc,28,65.1,17,11,8,4,7,36.4,2.55,2.64,3.36,2.24,259.82,7.85,11.9,361.0,52.4,22.6,20.6
677,9,Play in,Thresh,27,62.8,7,20,9,8,12,40.0,0.8,3.15,7.55,2.65,15.4,0.47,7.9,240.0,62.5,6.0,13.5
678,9,Play in,Kai'Sa,26,60.5,5,21,10,12,9,57.1,4.29,1.95,4.19,4.34,304.0,9.37,14.3,439.0,63.8,32.3,24.3
679,9,Play in,Gragas,26,60.5,18,8,5,6,2,75.0,2.0,3.25,6.63,2.65,127.63,3.45,10.7,290.0,61.6,14.3,16.0
680,9,Play in,Nautilus,23,53.5,8,15,9,8,7,53.3,0.53,3.2,6.4,2.17,63.2,1.78,8.4,235.0,58.1,4.5,13.4
681,9,Play in,Akali,22,51.2,8,14,6,5,9,35.7,4.36,2.21,3.86,3.71,298.71,8.58,14.1,405.0,58.4,31.0,22.4
682,9,Play in,Lee Sin,21,48.8,5,16,7,11,5,68.8,3.0,2.0,5.88,4.44,160.88,4.92,11.0,337.0,74.0,25.0,18.0
683,9,Play in,Elise,21,48.8,12,9,6,5,4,55.6,3.0,2.56,4.11,2.78,153.22,4.83,10.4,327.0,57.1,24.1,18.2
684,9,Play in,Rek'Sai,18,41.9,9,9,5,4,5,44.4,2.78,2.22,3.78,2.95,177.11,5.23,11.3,335.0,56.2,23.8,18.8
685,9,Play in,Tristana,18,41.9,10,8,7,6,2,75.0,4.88,2.0,2.75,3.81,345.88,9.34,16.8,453.0,65.6,41.9,25.3
686,9,Play in,Gnar,16,37.2,6,10,5,7,3,70.0,2.0,2.8,6.0,2.86,265.7,7.29,13.5,370.0,57.6,14.4,20.3
687,9,Play in,Twisted Fate,15,34.9,9,6,4,3,3,50.0,0.83,2.67,3.67,1.69,257.0,7.88,13.0,400.0,50.0,9.3,22.5
688,9,Play in,Morgana,14,32.6,9,5,1,3,2,60.0,1.2,3.2,9.4,3.31,22.6,0.58,9.8,253.0,63.9,7.2,14.0
689,9,Play in,Nocturne,13,30.2,5,8,7,2,6,25.0,2.38,3.38,6.88,2.74,180.0,5.08,11.2,316.0,76.3,19.6,18.4
690,9,Play in,Vladimir,13,30.2,7,6,3,3,3,50.0,4.33,1.17,4.33,7.43,287.0,8.86,14.6,451.0,59.8,29.9,24.6
691,9,Play in,Skarner,13,30.2,7,6,5,1,5,16.7,0.33,3.33,7.83,2.45,153.33,3.99,10.4,270.0,71.0,2.9,16.1
692,9,Play in,Irelia,13,30.2,9,4,4,1,3,25.0,4.5,3.25,4.0,2.62,274.5,8.63,13.3,419.0,63.0,33.3,23.8
693,9,Play in,Lucian,12,27.9,5,7,6,3,4,42.9,3.86,2.57,2.29,2.39,310.43,9.82,13.9,441.0,55.8,35.1,25.2
694,9,Play in,Pyke,12,27.9,6,6,5,3,3,50.0,1.17,3.0,5.17,2.11,69.33,2.45,8.1,287.0,52.8,9.7,15.5
695,9,Play in,Yuumi,12,27.9,8,4,2,2,2,50.0,1.25,1.5,11.25,8.33,34.5,1.15,9.0,300.0,84.7,8.5,15.8
696,9,Play in,Olaf,12,27.9,10,2,2,1,1,50.0,2.5,1.5,4.0,4.33,135.5,4.48,9.0,299.0,54.2,20.8,16.7
697,9,Play in,Ezreal,11,25.6,2,9,6,5,4,55.6,3.67,2.11,4.56,3.89,349.56,9.16,16.7,438.0,66.7,29.7,24.5
698,9,Play in,Jarvan IV,11,25.6,3,8,7,4,4,50.0,1.38,2.63,7.88,3.52,151.38,4.39,10.3,300.0,78.7,11.7,17.0
699,9,Play in,Heimerdinger,11,25.6,8,3,1,3,0,100.0,4.0,0.67,5.67,14.5,279.0,7.03,15.1,380.0,52.7,21.8,20.5
700,9,Play in,Ryze,10,23.3,4,6,5,5,1,83.3,3.17,2.33,7.0,4.36,296.17,9.9,13.4,447.0,60.4,18.8,22.8
701,9,Play in,Kayle,10,23.3,7,3,2,2,1,66.7,2.33,2.33,7.0,4.0,405.67,9.82,18.7,453.0,58.3,14.6,25.2
702,9,Play in,Camille,9,20.9,2,7,5,1,6,14.3,2.29,3.14,3.43,1.82,254.0,7.67,12.1,364.0,65.6,26.2,22.0
703,9,Play in,Kennen,8,18.6,3,5,3,4,1,80.0,3.0,2.4,6.0,3.75,230.8,7.41,12.2,392.0,53.6,17.9,20.4
704,9,Play in,Leona,8,18.6,3,5,4,3,2,60.0,0.4,3.8,9.6,2.63,75.0,2.1,9.0,251.0,64.9,2.6,13.8
705,9,Play in,Galio,8,18.6,5,3,3,1,2,33.3,2.0,3.0,4.33,2.11,244.67,7.08,11.4,330.0,52.8,16.7,19.4
706,9,Play in,Rumble,8,18.6,6,2,1,2,0,100.0,2.0,2.5,10.5,5.0,229.0,7.95,11.4,396.0,73.5,11.8,19.9
707,9,Play in,Corki,7,16.3,1,6,4,3,3,50.0,2.0,2.33,3.83,2.5,346.33,9.47,15.3,418.0,53.8,18.5,23.5
708,9,Play in,Ashe,7,16.3,3,4,4,2,2,50.0,3.25,2.0,6.75,5.0,272.0,8.76,12.5,402.0,66.7,21.7,22.8
709,9,Play in,Alistar,7,16.3,4,3,3,1,2,33.3,0.67,2.33,4.0,2.0,46.0,1.56,6.5,222.0,60.9,8.7,13.3
710,9,Play in,Caitlyn,7,16.3,4,3,3,0,3,0.0,2.0,3.67,1.67,1.0,287.33,9.47,12.0,397.0,45.8,25.0,24.8
711,9,Play in,Draven,7,16.3,6,1,1,1,0,100.0,3.0,1.0,7.0,10.0,234.0,9.64,12.2,501.0,71.4,21.4,24.9
712,9,Play in,Neeko,6,14.0,1,5,4,3,2,60.0,2.0,2.6,6.0,3.08,216.8,7.31,10.6,356.0,58.8,14.7,19.7
713,9,Play in,Taliyah,6,14.0,2,4,2,4,0,100.0,3.25,1.75,7.25,6.0,182.75,5.65,11.9,369.0,61.8,19.1,18.7
714,9,Play in,Kled,6,14.0,2,4,3,2,2,50.0,2.25,1.25,2.75,4.0,255.75,8.01,11.8,370.0,44.4,20.0,21.2
715,9,Play in,Lissandra,6,14.0,2,4,4,2,2,50.0,1.5,2.25,4.0,2.44,262.25,8.24,11.7,368.0,51.2,14.0,20.4
716,9,Play in,Yasuo,6,14.0,4,2,2,1,1,50.0,2.5,2.5,4.0,2.6,251.0,8.99,11.6,414.0,81.3,31.3,23.3
717,9,Play in,Orianna,5,11.6,1,4,4,2,2,50.0,1.0,2.5,7.25,3.3,337.75,8.72,14.6,377.0,78.6,9.5,21.6
718,9,Play in,Jayce,5,11.6,2,3,3,1,2,33.3,1.33,3.33,5.0,1.9,302.0,9.24,14.0,427.0,76.0,16.0,24.7
719,9,Play in,Karma,5,11.6,2,3,3,1,2,33.3,1.67,3.0,6.0,2.56,181.33,4.99,11.2,309.0,71.9,15.6,18.1
720,9,Play in,Karthus,5,11.6,2,3,2,1,2,33.3,2.67,3.0,3.33,2.0,232.67,6.69,12.8,367.0,48.6,21.6,20.9
721,9,Play in,Aatrox,4,9.3,0,4,3,1,3,25.0,2.75,2.5,3.75,2.6,219.25,7.11,11.2,365.0,70.3,29.7,22.3
722,9,Play in,Ekko,4,9.3,0,4,3,0,4,0.0,1.25,5.0,4.75,1.2,165.75,4.68,10.1,285.0,68.6,14.3,17.7
723,9,Play in,Sivir,4,9.3,1,3,3,1,2,33.3,1.33,2.33,4.33,2.43,361.33,9.89,15.0,410.0,54.8,12.9,23.4
724,9,Play in,Quinn,4,9.3,2,2,2,1,1,50.0,5.0,3.5,2.0,2.0,328.0,8.96,15.4,422.0,58.3,41.7,23.6
725,9,Play in,Shen,4,9.3,2,2,2,1,1,50.0,1.5,5.5,7.5,1.64,197.0,4.7,13.3,317.0,64.3,10.7,17.9
726,9,Play in,Cassiopeia,4,9.3,3,1,1,1,0,100.0,6.0,4.0,10.0,4.0,282.0,8.93,14.9,471.0,64.0,24.0,23.0
727,9,Play in,Mordekaiser,3,7.0,1,2,2,0,2,0.0,3.0,4.5,1.0,0.89,224.5,7.35,11.1,363.0,40.0,30.0,21.7
728,9,Play in,Ornn,3,7.0,2,1,1,1,0,100.0,1.0,4.0,11.0,3.0,210.0,5.04,12.7,304.0,75.0,6.3,16.7
729,9,Play in,Blitzcrank,2,4.7,0,2,1,1,1,50.0,1.5,3.5,4.5,1.71,18.0,0.46,9.4,242.0,48.0,12.0,13.5
730,9,Play in,Cho'Gath,2,4.7,0,2,1,1,1,50.0,4.0,3.5,6.5,3.0,281.5,6.75,15.2,365.0,45.7,17.4,19.2
731,9,Play in,Hecarim,2,4.7,0,2,1,1,1,50.0,5.5,2.0,4.5,5.0,163.5,5.43,11.4,377.0,66.7,36.7,20.4
732,9,Play in,Jhin,2,4.7,0,2,1,1,1,50.0,6.5,1.0,7.0,13.5,427.0,10.11,20.4,483.0,58.7,28.3,25.1
733,9,Play in,Azir,2,4.7,0,2,2,0,2,0.0,1.0,1.5,0.0,0.67,293.0,9.26,11.4,361.0,40.0,40.0,23.5
734,9,Play in,Fiddlesticks,2,4.7,1,1,1,1,0,100.0,0.0,1.0,9.0,9.0,27.0,0.69,9.0,232.0,64.3,0.0,12.8
735,9,Play in,Veigar,2,4.7,1,1,1,1,0,100.0,2.0,0.0,3.0,5.0,332.0,9.05,15.0,409.0,83.3,33.3,22.0
736,9,Play in,Braum,2,4.7,1,1,1,0,1,0.0,1.0,3.0,3.0,1.33,84.0,2.16,9.8,251.0,23.5,5.9,14.2
737,9,Play in,Jinx,2,4.7,1,1,1,0,1,0.0,1.0,2.0,2.0,1.5,302.0,10.07,11.7,389.0,50.0,16.7,25.1
738,9,Play in,Fiora,1,2.3,0,1,1,1,0,100.0,4.0,3.0,4.0,2.67,413.0,10.18,20.6,507.0,44.4,22.2,25.9
739,9,Play in,Kha'Zix,1,2.3,0,1,1,1,0,100.0,4.0,8.0,9.0,1.63,186.0,4.08,15.5,340.0,59.1,18.2,17.7
740,9,Play in,Zoe,1,2.3,0,1,1,1,0,100.0,3.0,0.0,6.0,9.0,215.0,8.85,10.3,423.0,64.3,21.4,21.0
741,9,Play in,Garen,1,2.3,0,1,1,0,1,0.0,3.0,3.0,8.0,3.67,259.0,6.22,14.4,345.0,44.0,12.0,18.4
742,9,Play in,Lux,1,2.3,0,1,1,0,1,0.0,0.0,3.0,1.0,0.33,15.0,0.49,6.2,204.0,50.0,0.0,12.8
743,9,Play in,Nidalee,1,2.3,0,1,1,0,1,0.0,1.0,2.0,1.0,1.0,102.0,4.49,6.3,278.0,100.0,50.0,19.6
744,9,Play in,Sejuani,1,2.3,0,1,1,0,1,0.0,0.0,3.0,1.0,0.33,134.0,4.72,8.0,282.0,100.0,0.0,19.0
745,9,Play in,Sylas,1,2.3,0,1,1,0,1,0.0,1.0,4.0,3.0,1.0,244.0,7.05,10.8,311.0,33.3,8.3,19.2
746,9,Play in,Vi,1,2.3,0,1,1,0,1,0.0,0.0,7.0,4.0,0.57,113.0,3.64,7.8,250.0,36.4,0.0,14.9
747,9,Play in,Xin Zhao,1,2.3,0,1,1,0,1,0.0,3.0,3.0,2.0,1.67,179.0,5.24,11.4,333.0,55.6,33.3,19.6
748,9,Play in,Ziggs,1,2.3,0,1,1,0,1,0.0,5.0,1.0,4.0,9.0,539.0,8.5,24.2,382.0,56.3,31.3,23.3
749,9,Play in,Jax,1,2.3,1,0,0,0,0,0.0,0.0,0.0,0.0,0.0,0.0,0.0,0.0,0.0,0.0,0.0,0.0
750,9,Play in,Vayne,1,2.3,1,0,0,0,0,0.0,0.0,0.0,0.0,0.0,0.0,0.0,0.0,0.0,0.0,0.0,0.0
751,9,Main,Pantheon,77,100.0,77,0,0,0,0,0.0,0.0,0.0,0.0,0.0,0.0,0.0,0.0,0.0,0.0,0.0,0.0
752,9,Main,Qiyana,71,92.2,56,15,9,8,7,53.3,3.67,3.13,5.93,3.06,192.8,6.32,11.1,363.0,62.1,23.7,19.9
753,9,Main,Akali,67,87.0,46,21,16,12,9,57.1,3.57,1.57,3.81,4.7,288.33,8.89,13.2,407.0,51.2,24.8,22.1
754,9,Main,Renekton,66,85.7,46,20,12,12,8,60.0,3.45,2.85,3.75,2.53,271.0,8.13,13.7,410.0,50.3,24.1,21.8
755,9,Main,Xayah,64,83.1,30,34,14,24,10,70.6,4.5,1.71,5.56,5.9,325.26,10.26,15.0,473.0,69.9,31.3,25.4
756,9,Main,Kai'Sa,62,80.5,12,50,15,25,25,50.0,4.86,1.88,4.08,4.76,308.4,9.67,14.6,458.0,65.8,35.8,25.1
757,9,Main,Gragas,57,74.0,16,41,15,26,15,63.4,1.85,2.68,7.71,3.56,128.76,3.95,9.9,304.0,66.8,12.9,16.5
758,9,Main,Kayle,57,74.0,36,21,14,10,11,47.6,2.33,3.0,5.9,2.75,261.52,8.31,12.6,401.0,63.8,18.1,22.0
759,9,Main,Syndra,55,71.4,40,15,9,4,11,26.7,3.0,2.87,4.27,2.53,301.4,8.91,13.3,394.0,66.5,27.4,22.8
760,9,Main,Nautilus,54,70.1,17,37,14,20,17,54.1,1.3,3.38,7.59,2.63,79.78,2.42,8.6,261.0,59.0,8.6,14.2
761,9,Main,Ryze,52,67.5,22,30,12,17,13,56.7,3.07,2.63,5.03,3.08,315.73,9.63,14.3,436.0,58.0,22.0,23.3
762,9,Main,Lee Sin,50,64.9,8,42,14,19,23,45.2,2.52,2.69,6.0,3.17,159.05,4.81,10.8,326.0,65.6,19.4,17.9
763,9,Main,Elise,45,58.4,22,23,10,11,12,47.8,3.26,2.96,6.3,3.24,180.22,5.17,11.8,339.0,64.7,22.1,18.4
764,9,Main,Gangplank,44,57.1,18,26,11,14,12,53.8,2.5,2.35,6.35,3.77,274.77,8.12,14.2,419.0,64.6,18.3,22.8
765,9,Main,Rakan,43,55.8,20,23,10,13,10,56.5,0.65,2.39,9.83,4.38,18.22,0.58,7.8,248.0,76.0,4.7,13.6
766,9,Main,LeBlanc,37,48.1,27,10,7,7,3,70.0,3.9,1.8,4.7,4.78,270.4,7.98,13.3,392.0,65.6,29.8,21.1
767,9,Main,Jayce,27,35.1,11,16,6,7,9,43.8,3.06,3.0,4.0,2.35,265.0,8.33,12.8,403.0,63.1,27.4,22.5
768,9,Main,Yasuo,27,35.1,14,13,7,9,4,69.2,2.62,2.54,5.69,3.27,284.31,9.06,13.3,422.0,62.8,19.8,22.7
769,9,Main,Yuumi,27,35.1,18,9,4,3,6,33.3,1.56,2.0,9.44,5.5,71.22,1.97,11.2,310.0,83.2,11.8,17.4
770,9,Main,Ezreal,25,32.5,9,16,10,6,10,37.5,2.63,2.25,3.88,2.89,323.56,9.99,14.3,440.0,66.2,26.8,25.0
771,9,Main,Rek'Sai,25,32.5,12,13,10,7,6,53.8,3.38,2.54,5.23,3.39,166.15,5.04,11.2,339.0,61.5,24.2,18.1
772,9,Main,Leona,22,28.6,7,15,8,10,5,66.7,0.87,3.67,7.27,2.22,72.33,2.08,9.0,258.0,54.7,5.8,13.7
773,9,Main,Tristana,21,27.3,11,10,9,2,8,20.0,2.5,3.0,3.8,2.1,289.1,8.59,13.2,393.0,54.8,21.7,22.8
774,9,Main,Vladimir,20,26.0,9,11,5,6,5,54.5,3.09,3.64,6.09,2.53,253.18,8.08,12.6,402.0,59.1,19.9,22.3
775,9,Main,Jarvan IV,20,26.0,10,10,6,3,7,30.0,1.0,3.0,7.7,2.9,148.5,4.63,9.7,303.0,82.9,9.5,17.6
776,9,Main,Olaf,18,23.4,10,8,6,5,3,62.5,4.0,3.13,4.25,2.64,152.75,5.0,10.6,348.0,57.9,28.1,18.8
777,9,Main,Thresh,17,22.1,2,15,7,8,7,53.3,0.73,2.67,9.4,3.8,16.6,0.5,8.2,248.0,71.7,5.2,13.6
778,9,Main,Galio,17,22.1,5,12,9,4,8,33.3,1.17,3.33,7.33,2.55,135.5,4.34,9.1,290.0,70.8,9.7,16.6
779,9,Main,Twisted Fate,17,22.1,14,3,2,1,2,33.3,2.0,3.67,5.0,1.91,276.67,8.89,13.8,445.0,67.7,19.4,24.8
780,9,Main,Lucian,16,20.8,7,9,7,2,7,22.2,3.22,3.78,4.78,2.12,278.33,8.3,13.2,393.0,65.5,26.4,22.7
781,9,Main,Kled,15,19.5,10,5,4,3,2,60.0,2.8,2.0,4.4,3.6,229.0,7.32,11.1,356.0,57.1,22.2,20.0
782,9,Main,Irelia,15,19.5,11,4,4,2,2,50.0,2.75,4.25,4.75,1.76,305.25,8.42,14.3,394.0,55.6,20.4,21.5
783,9,Main,Rumble,15,19.5,12,3,2,1,2,33.3,6.33,1.67,5.67,7.2,219.0,6.7,12.5,384.0,80.0,42.2,22.0
784,9,Main,Alistar,14,18.2,3,11,6,4,7,36.4,0.36,4.0,6.0,1.59,44.36,1.54,6.4,220.0,59.3,3.4,12.8
785,9,Main,Morgana,14,18.2,10,4,3,2,2,50.0,1.25,1.5,4.75,4.0,98.75,2.92,9.6,283.0,63.2,13.2,15.9
786,9,Main,Ornn,13,16.9,4,9,6,6,3,66.7,1.78,2.56,6.78,3.35,172.44,5.69,9.9,327.0,56.6,11.8,17.5
787,9,Main,Pyke,13,16.9,6,7,6,1,6,14.3,2.29,3.57,4.0,1.76,75.29,2.2,9.9,288.0,68.8,25.0,16.4
788,9,Main,Veigar,13,16.9,8,5,4,2,3,40.0,3.4,2.0,6.4,4.9,239.8,7.98,11.8,392.0,71.0,24.6,22.1
789,9,Main,Camille,12,15.6,5,7,5,7,0,100.0,2.71,2.14,7.14,4.6,250.29,8.33,12.5,414.0,59.5,16.4,20.7
790,9,Main,Blitzcrank,12,15.6,6,6,5,2,4,33.3,1.33,4.5,7.5,1.96,16.83,0.47,9.3,261.0,49.5,7.5,14.0
791,9,Main,Tahm Kench,11,14.3,4,7,4,5,2,71.4,1.14,2.43,13.86,6.18,87.14,2.48,10.2,291.0,77.2,5.9,15.0
792,9,Main,Varus,10,13.0,1,9,4,6,3,66.7,6.44,2.67,7.22,5.13,312.67,9.42,15.6,470.0,69.9,33.0,24.8
793,9,Main,Orianna,10,13.0,1,9,6,5,4,55.6,2.56,2.67,6.89,3.54,296.33,8.39,13.8,390.0,66.4,18.0,21.4
794,9,Main,Gnar,10,13.0,2,8,7,4,4,50.0,2.13,2.0,5.13,3.63,249.38,7.58,12.1,367.0,61.7,18.1,21.0
795,9,Main,Aatrox,9,11.7,2,7,6,4,3,57.1,2.43,2.57,3.57,2.33,207.0,7.58,10.3,377.0,50.0,20.2,20.7
796,9,Main,Cassiopeia,9,11.7,2,7,5,3,4,42.9,2.57,3.86,4.86,1.93,271.57,8.25,12.8,390.0,58.4,20.2,21.9
797,9,Main,Heimerdinger,9,11.7,5,4,3,1,3,25.0,2.0,3.75,7.5,2.53,285.25,7.25,14.3,364.0,70.4,14.8,20.0
798,9,Main,Quinn,9,11.7,7,2,2,1,1,50.0,2.5,3.0,4.0,2.17,234.5,7.78,11.7,388.0,50.0,19.2,22.2
799,9,Main,Garen,8,10.4,1,7,3,3,4,42.9,3.57,3.14,6.29,3.14,299.86,7.91,14.5,382.0,63.9,23.1,20.9
800,9,Main,Sion,7,9.1,0,7,6,1,6,14.3,1.0,2.86,3.43,1.55,262.0,7.54,11.4,328.0,57.4,13.0,19.8
801,9,Main,Taliyah,7,9.1,2,5,3,2,3,40.0,3.0,2.2,6.0,4.09,158.2,4.95,10.4,325.0,69.2,23.1,18.0
802,9,Main,Nocturne,7,9.1,3,4,3,1,3,25.0,0.75,3.5,4.5,1.5,170.25,5.53,9.6,313.0,61.8,8.8,19.0
803,9,Main,Fiora,7,9.1,4,3,3,1,2,33.3,3.33,4.33,4.0,1.69,330.67,9.53,15.9,458.0,56.4,25.6,23.9
804,9,Main,Shen,6,7.8,0,6,5,2,4,33.3,1.83,4.67,5.0,1.46,148.83,4.86,9.2,302.0,68.3,18.3,17.6
805,9,Main,Vayne,6,7.8,4,2,1,2,0,100.0,3.0,1.5,6.0,6.0,300.0,9.6,14.3,457.0,51.4,17.1,22.6
806,9,Main,Jax,5,6.5,4,1,1,1,0,100.0,1.0,0.0,1.0,2.0,240.0,8.59,10.3,367.0,18.2,9.1,19.9
807,9,Main,Zoe,4,5.2,0,4,4,1,3,25.0,2.75,1.25,5.75,6.8,247.25,7.1,12.5,359.0,55.7,18.0,19.2
808,9,Main,Mordekaiser,4,5.2,0,4,2,0,4,0.0,4.0,3.5,4.0,2.29,300.5,7.64,15.2,386.0,42.7,21.3,21.3
809,9,Main,Cho'Gath,4,5.2,1,3,3,1,2,33.3,3.0,1.33,3.67,5.0,225.67,7.27,11.2,360.0,57.1,25.7,20.5
810,9,Main,Kennen,4,5.2,2,2,2,1,1,50.0,1.5,4.0,7.0,2.13,304.5,8.97,14.0,413.0,68.0,12.0,22.4
811,9,Main,Skarner,4,5.2,2,2,2,0,2,0.0,1.0,3.0,5.5,2.17,160.0,4.93,9.8,303.0,76.5,11.8,17.6
812,9,Main,Azir,3,3.9,0,3,2,1,2,33.3,3.0,3.33,4.0,2.1,243.33,8.85,10.9,397.0,65.6,28.1,22.9
813,9,Main,Poppy,3,3.9,0,3,3,1,2,33.3,2.0,4.67,8.33,2.21,183.0,5.01,11.2,307.0,66.0,12.8,17.3
814,9,Main,Draven,3,3.9,1,2,1,1,1,50.0,4.5,2.5,4.5,3.6,283.0,9.28,13.8,452.0,69.2,34.6,24.1
815,9,Main,Lissandra,3,3.9,1,2,2,1,1,50.0,2.5,3.0,4.5,2.33,246.0,8.19,11.4,379.0,70.0,25.0,21.7
816,9,Main,Karthus,3,3.9,1,2,2,0,2,0.0,2.0,2.0,2.0,2.0,202.5,5.75,11.0,313.0,88.9,44.4,19.3
817,9,Main,Karma,3,3.9,2,1,1,1,0,100.0,0.0,2.0,13.0,6.5,14.0,0.39,8.2,227.0,86.7,0.0,11.8
818,9,Main,Corki,2,2.6,0,2,1,1,1,50.0,4.5,1.0,3.5,8.0,321.0,10.13,14.6,461.0,84.2,47.4,24.7
819,9,Main,Jinx,2,2.6,0,2,2,1,1,50.0,4.0,1.5,5.5,6.33,300.0,9.82,14.1,462.0,65.5,27.6,24.0
820,9,Main,Lulu,2,2.6,0,2,2,1,1,50.0,0.5,2.5,10.5,4.4,24.5,0.64,9.3,244.0,88.0,4.0,14.0
821,9,Main,Sivir,2,2.6,1,1,1,1,0,100.0,11.0,0.0,5.0,16.0,483.0,11.81,22.2,543.0,72.7,50.0,27.7
822,9,Main,Sona,2,2.6,1,1,1,0,1,0.0,1.0,3.0,5.0,2.0,257.0,5.91,18.4,424.0,75.0,12.5,22.7
823,9,Main,Sylas,2,2.6,1,1,1,0,1,0.0,4.0,4.0,11.0,3.75,239.0,5.69,14.8,352.0,68.2,18.2,19.8
824,9,Main,Volibear,2,2.6,1,1,1,0,1,0.0,1.0,4.0,6.0,1.75,35.0,1.31,5.6,210.0,77.8,11.1,13.2
825,9,Main,Braum,2,2.6,2,0,0,0,0,0.0,0.0,0.0,0.0,0.0,0.0,0.0,0.0,0.0,0.0,0.0,0.0
826,9,Main,Jhin,2,2.6,2,0,0,0,0,0.0,0.0,0.0,0.0,0.0,0.0,0.0,0.0,0.0,0.0,0.0,0.0
827,9,Main,Kalista,2,2.6,2,0,0,0,0,0.0,0.0,0.0,0.0,0.0,0.0,0.0,0.0,0.0,0.0,0.0,0.0
828,9,Main,Ekko,1,1.3,0,1,1,1,0,100.0,3.0,2.0,7.0,5.0,161.0,5.76,10.7,382.0,90.9,27.3,20.6
829,9,Main,Fiddlesticks,1,1.3,0,1,1,1,0,100.0,2.0,3.0,8.0,3.33,18.0,0.53,8.6,256.0,58.8,11.8,13.2
830,9,Main,Kog'Maw,1,1.3,0,1,1,1,0,100.0,12.0,6.0,8.0,3.33,402.0,9.16,22.4,509.0,90.9,54.5,26.9
831,9,Main,Malphite,1,1.3,0,1,1,1,0,100.0,3.0,1.0,9.0,12.0,245.0,8.55,12.1,424.0,60.0,15.0,20.3
832,9,Main,Urgot,1,1.3,0,1,1,1,0,100.0,8.0,5.0,10.0,3.6,287.0,5.9,20.3,418.0,72.0,32.0,21.0
833,9,Main,Yorick,1,1.3,0,1,1,1,0,100.0,2.0,2.0,3.0,2.5,254.0,8.18,12.6,407.0,27.8,11.1,20.0
834,9,Main,Anivia,1,1.3,0,1,1,0,1,0.0,1.0,2.0,0.0,0.5,362.0,11.21,12.8,397.0,25.0,25.0,24.6
835,9,Main,Bard,1,1.3,0,1,1,0,1,0.0,0.0,7.0,10.0,1.43,31.0,0.79,9.1,233.0,83.3,0.0,13.8
836,9,Main,Caitlyn,1,1.3,0,1,1,0,1,0.0,4.0,3.0,5.0,3.0,297.0,9.3,13.5,422.0,60.0,26.7,25.7
837,9,Main,Kha'Zix,1,1.3,0,1,1,0,1,0.0,1.0,1.0,2.0,3.0,193.0,6.33,10.4,340.0,100.0,33.3,20.5
838,9,Main,Neeko,1,1.3,0,1,1,0,1,0.0,1.0,3.0,4.0,1.67,292.0,8.45,12.2,353.0,62.5,12.5,19.9
839,9,Main,Rengar,1,1.3,0,1,1,0,1,0.0,5.0,4.0,0.0,1.25,208.0,7.96,10.6,404.0,50.0,50.0,23.1
840,9,Main,Sejuani,1,1.3,0,1,1,0,1,0.0,1.0,2.0,1.0,1.0,124.0,4.74,7.2,275.0,100.0,50.0,19.6
841,9,Main,Viktor,1,1.3,0,1,1,0,1,0.0,1.0,2.0,2.0,1.5,245.0,7.52,10.2,314.0,60.0,20.0,19.5
842,9,Main,Zilean,1,1.3,0,1,1,0,1,0.0,1.0,1.0,1.0,2.0,271.0,9.19,10.1,343.0,100.0,50.0,23.2
