,season,event,team,player,games_played,wins,loses,win_rate,kills,deaths,assists,kill_death_assist_ratio,creep_score,cs/min,gold,gold/min,damage,damage/min,kill_participation,kill_share,gold_share
874,10,Play in,INTZ,Envy,5,1,4,20.0,1.6,2.4,6.4,3.33,296.2,8.17,13.1,360.0,16200.0,446.0,75.5,15.1,21.9
875,10,Play in,INTZ,micaO,5,1,4,20.0,1.8,2.2,6.6,3.82,267.4,7.37,12.8,352.0,16500.0,454.0,79.2,17.0,21.5
876,10,Play in,INTZ,RedBert,5,1,4,20.0,1.0,3.2,6.6,2.38,47.6,1.31,8.0,222.0,5500.0,152.0,71.7,9.4,13.5
877,10,Play in,INTZ,Shini,5,1,4,20.0,1.6,3.2,5.0,2.06,206.0,5.68,11.2,308.0,9000.0,248.0,62.3,15.1,18.8
878,10,Play in,INTZ,Tay,5,1,4,20.0,4.6,3.2,2.6,2.25,296.6,8.18,14.4,398.0,15500.0,427.0,67.9,43.4,24.3
879,10,Play in,Legacy_Esports,Babip,8,3,5,37.5,3.13,2.5,6.88,4.0,193.25,6.2,11.1,355.0,13100.0,420.0,81.6,25.5,20.8
880,10,Play in,Legacy_Esports,Isles,8,3,5,37.5,0.38,3.38,7.88,2.44,34.25,1.1,6.9,220.0,3900.0,127.0,67.3,3.1,12.9
881,10,Play in,Legacy_Esports,Raes,8,3,5,37.5,4.25,3.38,4.5,2.59,269.5,8.65,13.0,416.0,15700.0,503.0,71.4,34.7,24.3
882,10,Play in,Legacy_Esports,Tally,8,3,5,37.5,1.88,2.38,7.38,3.89,234.0,7.51,11.1,355.0,11800.0,378.0,75.5,15.3,20.8
883,10,Play in,Legacy_Esports,Topoon,8,3,5,37.5,2.63,2.63,6.0,3.29,211.75,6.8,11.3,364.0,13700.0,438.0,70.4,21.4,21.3
884,10,Play in,LGD_Gaming,Kramer,11,8,3,72.7,3.82,1.27,5.55,7.36,311.09,9.38,14.4,434.0,18700.0,563.0,68.2,27.8,23.5
885,10,Play in,LGD_Gaming,Langx,11,8,3,72.7,2.55,2.18,6.45,4.13,269.45,8.12,13.0,393.0,13800.0,416.0,65.6,18.5,21.3
886,10,Play in,LGD_Gaming,Mark,11,8,3,72.7,1.0,2.09,8.09,4.35,38.55,1.16,7.8,236.0,4300.0,128.0,66.2,7.3,12.8
887,10,Play in,LGD_Gaming,Peanut,11,8,3,72.7,2.64,2.45,6.0,3.52,209.55,6.32,11.6,351.0,10000.0,301.0,62.9,19.2,19.0
888,10,Play in,LGD_Gaming,xiye,11,8,3,72.7,3.73,2.82,6.73,3.71,284.27,8.57,14.2,429.0,18000.0,543.0,76.2,27.2,23.3
889,10,Play in,MAD_Lions,Carzzy,10,4,6,40.0,2.7,2.8,5.9,3.07,210.3,6.28,11.5,345.0,18000.0,536.0,73.5,23.1,20.4
890,10,Play in,MAD_Lions,Humanoid,10,4,6,40.0,2.9,3.3,4.9,2.36,320.1,9.56,14.1,420.0,20100.0,600.0,66.7,24.8,24.8
891,10,Play in,MAD_Lions,Kaiser,10,4,6,40.0,1.1,3.5,7.2,2.37,80.6,2.41,8.3,248.0,6300.0,187.0,70.9,9.4,14.7
892,10,Play in,MAD_Lions,Orome,10,4,6,40.0,2.4,3.2,5.6,2.5,234.1,6.99,11.6,348.0,12100.0,360.0,68.4,20.5,20.6
893,10,Play in,MAD_Lions,Shad0w,10,4,6,40.0,2.6,3.6,5.0,2.11,208.7,6.23,11.1,330.0,12300.0,367.0,65.0,22.2,19.5
894,10,Play in,Papara_SuperMassive,Armut,12,5,7,41.7,3.75,2.67,6.08,3.69,242.0,7.69,12.0,381.0,13700.0,436.0,72.8,27.8,22.4
895,10,Play in,Papara_SuperMassive,Bolulu,12,5,7,41.7,2.33,2.75,6.08,3.06,232.0,7.37,11.0,349.0,12400.0,394.0,62.3,17.3,20.5
896,10,Play in,Papara_SuperMassive,KaKAO,12,5,7,41.7,2.92,2.67,7.08,3.75,214.58,6.82,11.3,360.0,14200.0,452.0,74.1,21.6,21.1
897,10,Play in,Papara_SuperMassive,SnowFlower,12,5,7,41.7,0.67,3.67,7.58,2.25,35.75,1.14,6.9,220.0,4300.0,137.0,61.1,4.9,13.0
898,10,Play in,Papara_SuperMassive,Zeitnot,12,5,7,41.7,3.83,2.67,5.67,3.56,254.83,8.1,12.3,391.0,15800.0,503.0,70.4,28.4,23.0
899,10,Play in,PSG_Talon,Hanabi,5,4,1,80.0,3.6,2.6,8.6,4.69,265.8,8.13,13.1,400.0,15700.0,479.0,64.9,19.1,21.6
900,10,Play in,PSG_Talon,Kaiwing,5,4,1,80.0,0.6,1.4,14.4,10.71,40.4,1.24,7.9,241.0,4700.0,144.0,79.8,3.2,13.0
901,10,Play in,PSG_Talon,Kongyue,5,4,1,80.0,6.8,1.2,7.8,12.17,254.0,7.77,13.9,425.0,16100.000000000002,493.0,77.7,36.2,22.9
902,10,Play in,PSG_Talon,Uniboy,5,4,1,80.0,5.2,0.6,9.2,24.0,270.8,8.28,13.6,417.0,16600.0,508.0,76.6,27.7,22.5
903,10,Play in,PSG_Talon,Dee,3,2,1,66.7,3.0,1.33,11.67,11.0,244.33,7.16,12.9,380.0,16100.000000000002,471.0,78.6,16.1,20.8
904,10,Play in,PSG_Talon,Unified,2,2,0,100.0,2.0,1.5,12.5,9.67,207.5,6.78,10.7,351.0,12200.0,398.0,76.3,10.5,18.6
905,10,Play in,Movistar_R7,Acce,7,2,5,28.6,1.86,3.29,4.57,1.96,238.43,7.3,11.1,341.0,12200.0,372.0,59.2,17.1,20.5
906,10,Play in,Movistar_R7,Aloned,7,2,5,28.6,3.29,3.43,4.29,2.21,259.86,7.95,12.5,382.0,15000.0,459.0,69.7,30.3,23.0
907,10,Play in,Movistar_R7,Josedeodo,7,2,5,28.6,3.14,2.71,3.86,2.58,196.14,6.0,10.9,334.0,10900.0,332.0,64.5,28.9,20.1
908,10,Play in,Movistar_R7,Leza,7,2,5,28.6,1.86,3.14,4.43,2.0,247.29,7.57,12.0,368.0,12700.0,388.0,57.9,17.1,22.1
909,10,Play in,Movistar_R7,Shadow,7,2,5,28.6,0.71,2.57,6.0,2.61,70.14,2.15,7.8,240.0,5500.0,167.0,61.8,6.6,14.4
910,10,Play in,Team_Liquid,Broxah,5,4,1,80.0,4.2,1.2,7.0,9.33,190.0,6.37,11.2,375.0,10000.0,335.0,67.5,25.3,19.8
911,10,Play in,Team_Liquid,CoreJJ,5,4,1,80.0,0.2,1.0,12.0,12.2,33.8,1.13,7.3,247.0,3600.0,121.0,73.5,1.2,13.0
912,10,Play in,Team_Liquid,Impact,5,4,1,80.0,3.2,1.8,6.8,5.56,221.2,7.42,11.4,382.0,12500.0,420.0,60.2,19.3,20.1
913,10,Play in,Team_Liquid,Jensen,5,4,1,80.0,5.8,1.4,7.0,9.14,267.0,8.96,13.6,456.0,13900.0,466.0,77.1,34.9,24.0
914,10,Play in,Team_Liquid,Tactical,5,4,1,80.0,3.2,1.6,8.6,7.38,273.8,9.18,13.1,440.0,13900.0,465.0,71.1,19.3,23.2
915,10,Play in,Unicorns_of_Love_2e-CIS,AHaHaCiK,8,6,2,75.0,3.88,2.75,7.75,4.23,197.0,6.22,11.7,369.0,11700.0,369.0,67.4,22.5,19.8
916,10,Play in,Unicorns_of_Love_2e-CIS,BOSS,8,6,2,75.0,3.38,2.75,5.63,3.27,233.13,7.36,12.7,399.0,13300.0,420.0,52.2,19.6,21.4
917,10,Play in,Unicorns_of_Love_2e-CIS,Gadget,8,6,2,75.0,4.0,3.0,7.5,3.83,251.0,7.92,12.8,404.0,19000.0,598.0,66.7,23.2,21.6
918,10,Play in,Unicorns_of_Love_2e-CIS,Nomanz,8,6,2,75.0,5.0,2.5,6.0,4.4,284.75,8.99,14.1,445.0,22800.0,721.0,63.8,29.0,23.8
919,10,Play in,Unicorns_of_Love_2e-CIS,SaNTaS,8,6,2,75.0,1.0,2.25,9.63,4.72,36.38,1.15,7.9,248.0,4600.0,145.0,61.6,5.8,13.3
920,10,Play in,V3_Esports,Ace,5,1,4,20.0,2.2,3.6,4.4,1.83,211.8,6.57,10.7,331.0,14300.0,445.0,64.7,21.6,20.3
921,10,Play in,V3_Esports,Archer,5,1,4,20.0,3.6,3.0,4.4,2.67,313.4,9.72,14.0,435.0,20100.0,625.0,78.4,35.3,26.7
922,10,Play in,V3_Esports,Bugi,5,1,4,20.0,2.4,4.8,4.8,1.5,174.4,5.41,10.2,317.0,11100.0,345.0,70.6,23.5,19.4
923,10,Play in,V3_Esports,Paz,5,1,4,20.0,1.6,4.0,3.0,1.15,223.0,6.92,10.8,333.0,10400.0,322.0,45.1,15.7,20.5
924,10,Play in,V3_Esports,Raina,5,1,4,20.0,0.4,4.6,5.4,1.26,41.2,1.28,6.9,214.0,5000.0,156.0,56.9,3.9,13.1
925,10,Main,DWG_KIA,BeryL,17,14,3,82.4,1.29,2.65,7.29,3.24,46.53,1.49,7.9,254.0,6000.0,192.0,51.6,7.8,13.2
926,10,Main,DWG_KIA,Canyon,17,14,3,82.4,5.12,1.59,6.35,7.22,218.53,7.0,12.7,408.0,14300.0,459.0,68.9,30.7,21.2
927,10,Main,DWG_KIA,Ghost,17,14,3,82.4,3.88,1.41,6.88,7.63,280.53,8.99,13.8,442.0,15800.0,507.0,64.7,23.3,23.0
928,10,Main,DWG_KIA,Nuguri,17,14,3,82.4,2.53,2.29,7.88,4.54,245.18,7.85,12.4,397.0,16100.000000000002,517.0,62.5,15.2,20.7
929,10,Main,DWG_KIA,ShowMaker,17,14,3,82.4,3.82,1.82,6.0,5.39,265.59,8.51,13.1,419.0,14700.0,472.0,59.0,23.0,21.8
930,10,Main,DRX,Chovy,9,4,5,44.4,1.78,1.33,4.11,4.42,319.22,9.63,13.4,405.0,11800.0,357.0,51.5,15.5,22.5
931,10,Main,DRX,Deft,9,4,5,44.4,1.78,1.56,5.56,4.71,302.22,9.12,13.6,409.0,16300.0,493.0,64.1,15.5,22.7
932,10,Main,DRX,Doran,9,4,5,44.4,2.44,2.11,4.78,3.42,287.11,8.66,13.0,393.0,16300.0,492.0,63.1,21.4,21.8
933,10,Main,DRX,Keria,9,4,5,44.4,1.33,2.56,6.11,2.91,43.11,1.3,7.7,233.0,5100.0,155.0,65.0,11.7,12.9
934,10,Main,DRX,Pyosik,9,4,5,44.4,4.11,2.33,4.67,3.76,224.0,6.76,12.1,364.0,12900.0,389.0,76.7,35.9,20.2
935,10,Main,FlyQuest,IgNar,6,3,3,50.0,0.67,2.5,6.5,2.87,29.17,0.91,7.2,225.0,4500.0,142.0,59.7,5.6,12.9
936,10,Main,FlyQuest,PowerOfEvil,6,3,3,50.0,4.5,1.83,3.83,4.55,283.0,8.88,13.3,417.0,16100.000000000002,505.0,69.4,37.5,23.9
937,10,Main,FlyQuest,Santorin,6,3,3,50.0,2.33,2.67,5.17,2.81,168.83,5.29,10.1,316.0,9600.0,300.0,62.5,19.4,18.2
938,10,Main,FlyQuest,Solo,6,3,3,50.0,1.17,4.5,4.17,1.19,241.17,7.56,11.3,354.0,13500.0,422.0,44.4,9.7,20.3
939,10,Main,FlyQuest,WildTurtle,6,3,3,50.0,3.33,1.83,4.17,4.09,283.83,8.9,13.7,430.0,14300.0,448.0,62.5,27.8,24.7
940,10,Main,Fnatic,Bwipo,11,6,5,54.5,2.09,2.27,4.91,3.08,238.45,8.07,11.5,387.0,12500.0,422.0,58.8,17.6,21.5
941,10,Main,Fnatic,Hylissang,11,6,5,54.5,1.0,2.82,6.91,2.81,35.0,1.18,6.9,233.0,4400.0,148.0,66.4,8.4,12.9
942,10,Main,Fnatic,Nemesis,11,6,5,54.5,3.18,1.73,4.18,4.26,252.09,8.53,11.6,393.0,11500.0,389.0,61.8,26.7,21.8
943,10,Main,Fnatic,Rekkles,11,6,5,54.5,2.27,1.09,6.0,7.58,272.55,9.22,12.1,411.0,10500.0,356.0,69.5,19.1,22.8
944,10,Main,Fnatic,Selfmade,11,6,5,54.5,3.36,2.09,4.82,3.91,210.91,7.14,11.1,376.0,11700.0,396.0,68.7,28.2,20.9
945,10,Main,G2_Esports,Caps,14,8,6,57.1,4.43,2.86,7.43,4.15,268.71,8.42,13.1,411.0,18100.0,568.0,72.8,27.2,22.5
946,10,Main,G2_Esports,Jankos,14,8,6,57.1,3.57,3.0,7.86,3.81,201.21,6.3,11.5,359.0,12400.0,390.0,70.2,21.9,19.7
947,10,Main,G2_Esports,Mikyx,14,8,6,57.1,1.29,3.57,9.43,3.0,39.5,1.24,7.7,242.0,7800.0,244.0,65.8,7.9,13.2
948,10,Main,G2_Esports,Perkz,14,8,6,57.1,4.29,2.43,6.93,4.62,288.36,9.03,13.8,434.0,18900.0,592.0,68.9,26.3,23.7
949,10,Main,G2_Esports,Wunder,14,8,6,57.1,2.71,3.07,6.21,2.91,255.21,7.99,12.2,382.0,12500.0,392.0,54.8,16.7,20.9
950,10,Main,Gen_2e-G,Bdd,9,5,4,55.6,2.89,2.67,4.89,2.92,267.56,8.34,13.2,411.0,14200.0,441.0,59.3,22.0,22.6
951,10,Main,Gen_2e-G,Clid,9,5,4,55.6,2.56,3.44,5.78,2.42,196.67,6.13,11.2,350.0,11200.0,348.0,63.6,19.5,19.3
952,10,Main,Gen_2e-G,Life,9,5,4,55.6,1.11,3.67,7.11,2.24,28.44,0.89,7.4,232.0,4700.0,147.0,62.7,8.5,12.8
953,10,Main,Gen_2e-G,Rascal,9,5,4,55.6,2.89,4.11,5.11,1.95,253.11,7.89,12.4,385.0,13600.0,423.0,61.0,22.0,21.2
954,10,Main,Gen_2e-G,Ruler,9,5,4,55.6,3.67,2.33,5.33,3.86,292.11,9.11,14.0,438.0,22000.0,687.0,68.6,28.0,24.1
955,10,Main,JD_Gaming,Kanavi,10,5,5,50.0,2.6,3.1,6.7,3.0,204.2,6.83,10.8,360.0,12000.0,402.0,67.9,19.0,19.7
956,10,Main,JD_Gaming,LokeN,10,5,5,50.0,3.3,1.9,6.3,5.05,262.1,8.77,12.4,416.0,13800.0,463.0,70.1,24.1,22.8
957,10,Main,JD_Gaming,LvMao,10,5,5,50.0,1.7,3.8,7.8,2.5,40.9,1.37,7.4,248.0,6200.0,206.0,69.3,12.4,13.6
958,10,Main,JD_Gaming,Yagao,10,5,5,50.0,2.3,2.6,6.8,3.5,240.1,8.04,11.5,385.0,12200.0,409.0,66.4,16.8,21.1
959,10,Main,JD_Gaming,Zoom,10,5,5,50.0,3.8,3.5,4.1,2.26,248.8,8.33,12.4,416.0,13100.0,437.0,57.7,27.7,22.8
960,10,Main,LGD_Gaming,Kramer,6,3,3,50.0,2.17,2.0,7.33,4.75,310.5,8.58,14.2,392.0,15400.0,426.0,67.9,15.5,22.5
961,10,Main,LGD_Gaming,Langx,6,3,3,50.0,3.17,2.83,5.0,2.88,291.67,8.06,13.6,375.0,14900.0,410.0,58.3,22.6,21.5
962,10,Main,LGD_Gaming,Mark,6,3,3,50.0,1.5,4.67,6.67,1.75,47.5,1.31,8.4,232.0,6200.0,171.0,58.3,10.7,13.3
963,10,Main,LGD_Gaming,Peanut,6,3,3,50.0,2.17,2.17,6.83,4.15,227.17,6.28,12.0,333.0,13200.0,364.0,64.3,15.5,19.1
964,10,Main,LGD_Gaming,xiye,6,3,3,50.0,5.0,2.5,5.67,4.27,310.5,8.58,14.8,410.0,19200.0,529.0,76.2,35.7,23.5
965,10,Main,Machi_Esports,Bruce,6,1,5,16.7,1.33,3.0,3.83,1.72,296.67,9.05,12.8,392.0,15800.0,482.0,57.4,14.8,24.0
966,10,Main,Machi_Esports,Gemini,6,1,5,16.7,3.17,3.17,3.0,1.95,163.0,4.97,10.1,308.0,7900.0,240.0,68.5,35.2,18.9
967,10,Main,Machi_Esports,Koala,6,1,5,16.7,0.33,3.83,4.5,1.26,48.83,1.49,6.8,209.0,4800.0,147.0,53.7,3.7,12.8
968,10,Main,Machi_Esports,Mission,6,1,5,16.7,2.33,3.67,3.0,1.45,288.67,8.81,12.4,380.0,13800.0,421.0,59.3,25.9,23.3
969,10,Main,Machi_Esports,PK,6,1,5,16.7,1.83,3.5,4.33,1.76,231.83,7.07,11.3,344.0,11700.0,357.0,68.5,20.4,21.1
970,10,Main,PSG_Talon,Hanabi,6,2,4,33.3,0.67,2.33,2.83,1.5,226.5,8.14,9.8,353.0,9000.0,324.0,55.3,10.5,21.7
971,10,Main,PSG_Talon,Kaiwing,6,2,4,33.3,0.5,2.33,4.33,2.07,37.33,1.34,6.2,222.0,2700.0,97.0,76.3,7.9,13.6
972,10,Main,PSG_Talon,River,6,2,4,33.3,1.83,2.5,3.5,2.13,170.67,6.13,9.1,327.0,6700.0,240.0,84.2,28.9,20.1
973,10,Main,PSG_Talon,Tank,6,2,4,33.3,1.67,2.0,2.33,2.0,246.0,8.84,10.1,364.0,9700.0,348.0,63.2,26.3,22.3
974,10,Main,PSG_Talon,Unified,6,2,4,33.3,1.67,2.0,2.67,2.17,229.83,8.26,10.1,364.0,11000.0,395.0,68.4,26.3,22.3
975,10,Main,Rogue__28-European_Team_29-,Finn,6,1,5,16.7,1.5,3.33,3.67,1.55,216.17,7.26,10.3,346.0,10100.0,340.0,58.5,17.0,21.3
976,10,Main,Rogue__28-European_Team_29-,Hans sama,6,1,5,16.7,2.33,2.33,3.5,2.5,254.83,8.56,11.3,378.0,8400.0,282.0,66.0,26.4,23.2
977,10,Main,Rogue__28-European_Team_29-,Inspired,6,1,5,16.7,2.5,3.5,3.33,1.67,189.5,6.36,10.1,339.0,9200.0,308.0,66.0,28.3,20.8
978,10,Main,Rogue__28-European_Team_29-,Larssen,6,1,5,16.7,1.5,2.17,4.5,2.77,233.83,7.85,10.2,343.0,10600.0,354.0,67.9,17.0,21.1
979,10,Main,Rogue__28-European_Team_29-,Vander,6,1,5,16.7,1.0,3.17,5.17,1.95,36.5,1.23,6.6,220.0,4000.0,133.0,69.8,11.3,13.5
980,10,Main,Suning,Angel,19,12,7,63.2,3.37,2.11,6.47,4.68,280.42,8.23,13.3,390.0,16000.0,470.0,65.6,22.5,21.0
981,10,Main,Suning,Bin,19,12,7,63.2,3.89,2.89,5.16,3.13,291.0,8.54,14.6,429.0,18300.0,536.0,60.4,26.0,23.1
982,10,Main,Suning,huanfeng,19,12,7,63.2,4.0,2.16,5.79,4.54,320.42,9.4,15.0,439.0,21200.0,622.0,65.3,26.7,23.6
983,10,Main,Suning,SofM,19,12,7,63.2,2.79,2.37,7.0,4.13,235.89,6.92,12.5,366.0,12500.0,367.0,65.3,18.6,19.7
984,10,Main,Suning,SwordArt,19,12,7,63.2,0.95,3.26,8.42,2.87,38.84,1.14,8.0,234.0,4800.0,140.0,62.5,6.3,12.6
985,10,Main,Team_Liquid,Broxah,6,3,3,50.0,2.17,1.67,7.0,5.5,198.5,6.12,11.0,339.0,9600.0,298.0,70.5,16.7,19.5
986,10,Main,Team_Liquid,CoreJJ,6,3,3,50.0,1.33,2.17,7.67,4.15,52.83,1.63,8.0,248.0,6700.0,205.0,69.2,10.3,14.3
987,10,Main,Team_Liquid,Impact,6,3,3,50.0,1.83,2.5,4.5,2.53,233.83,7.21,10.9,335.0,12100.0,374.0,48.7,14.1,19.2
988,10,Main,Team_Liquid,Jensen,6,3,3,50.0,3.67,1.5,5.0,5.78,293.83,9.06,13.1,403.0,14600.0,450.0,66.7,28.2,23.2
989,10,Main,Team_Liquid,Tactical,6,3,3,50.0,4.0,2.83,5.33,3.29,283.67,8.75,13.4,414.0,15200.0,469.0,71.8,30.8,23.8
990,10,Main,Top_Esports,369,15,9,6,60.0,2.67,2.2,4.27,3.15,273.0,8.33,13.0,397.0,15000.0,457.0,51.5,19.8,21.9
991,10,Main,Top_Esports,JackeyLove,15,9,6,60.0,3.0,2.53,7.27,4.05,297.47,9.07,13.8,420.0,20600.0,627.0,76.2,22.3,23.1
992,10,Main,Top_Esports,Karsa,15,9,6,60.0,3.73,1.8,5.73,5.26,204.4,6.24,11.8,359.0,10800.0,331.0,70.3,27.7,19.8
993,10,Main,Top_Esports,knight,15,9,6,60.0,3.47,1.67,4.53,4.8,293.2,8.94,13.4,410.0,14100.0,431.0,59.4,25.7,22.6
994,10,Main,Top_Esports,yuyanjia,15,9,6,60.0,0.6,2.53,8.07,3.42,34.6,1.06,7.5,229.0,4500.0,139.0,64.4,4.5,12.6
995,10,Main,TSM,Biofrost,6,0,6,0.0,0.5,3.0,4.33,1.61,40.17,1.2,6.9,207.0,3900.0,117.0,60.4,6.3,12.9
996,10,Main,TSM,Bjergsen,6,0,6,0.0,1.67,2.5,3.5,2.07,281.0,8.39,12.2,364.0,11100.0,331.0,64.6,20.8,22.8
997,10,Main,TSM,Broken Blade,6,0,6,0.0,2.17,3.0,2.67,1.61,239.33,7.15,11.8,351.0,12600.0,376.0,60.4,27.1,22.0
998,10,Main,TSM,Doublelift,6,0,6,0.0,1.83,3.5,2.67,1.29,279.67,8.35,12.1,362.0,15400.0,459.0,56.3,22.9,22.7
999,10,Main,TSM,Spica,6,0,6,0.0,1.83,2.17,3.17,2.31,208.83,6.24,10.5,312.0,11200.0,335.0,62.5,22.9,19.6
1000,10,Main,Unicorns_of_Love_2e-CIS,AHaHaCiK,6,0,6,0.0,2.17,5.33,3.83,1.13,174.5,5.43,10.3,320.0,12400.0,386.0,64.3,23.2,20.2
1001,10,Main,Unicorns_of_Love_2e-CIS,BOSS,6,0,6,0.0,2.5,4.67,2.83,1.14,218.0,6.78,10.6,330.0,12600.0,393.0,57.1,26.8,20.8
1002,10,Main,Unicorns_of_Love_2e-CIS,Gadget,6,0,6,0.0,2.0,3.5,2.83,1.38,239.33,7.45,11.0,342.0,19100.0,593.0,51.8,21.4,21.6
1003,10,Main,Unicorns_of_Love_2e-CIS,Nomanz,6,0,6,0.0,2.33,4.83,2.5,1.0,278.83,8.68,12.3,384.0,16900.0,524.0,51.8,25.0,24.2
1004,10,Main,Unicorns_of_Love_2e-CIS,SaNTaS,6,0,6,0.0,0.33,4.67,4.83,1.11,38.83,1.21,6.7,208.0,3300.0,102.0,55.4,3.6,13.1
1005,11,Play in,Beyond_Gaming,Doggo,13,5,8,38.5,5.92,2.0,5.0,5.46,320.46,9.97,15.2,471.0,21200.0,660.0,71.7,38.9,26.5
1006,11,Play in,Beyond_Gaming,Husha,13,5,8,38.5,3.31,3.31,6.31,2.91,173.15,5.38,10.9,340.0,11800.0,368.0,63.1,21.7,19.1
1007,11,Play in,Beyond_Gaming,Kino,13,5,8,38.5,0.85,3.92,8.54,2.39,34.31,1.07,7.5,235.0,4400.0,135.0,61.6,5.6,13.2
1008,11,Play in,Beyond_Gaming,Liang,12,5,7,41.7,2.83,3.08,5.0,2.54,225.5,7.05,11.7,367.0,13300.0,416.0,49.7,18.0,20.4
1009,11,Play in,Beyond_Gaming,Maoan,10,5,5,50.0,2.9,3.8,6.8,2.55,272.3,7.99,13.1,384.0,12700.0,372.0,54.5,16.3,21.1
1010,11,Play in,Beyond_Gaming,PK,4,0,4,0.0,1.0,5.0,3.0,0.8,185.75,6.66,8.6,308.0,9900.0,354.0,55.2,13.8,19.4
1011,11,Play in,Cloud9,Blaber,8,6,2,75.0,4.75,2.38,8.13,5.42,193.0,6.66,11.3,391.0,12900.0,446.0,67.8,25.0,19.9
1012,11,Play in,Cloud9,Fudge,8,6,2,75.0,3.88,1.88,7.75,6.2,230.38,7.95,12.2,421.0,13700.0,472.0,61.2,20.4,21.4
1013,11,Play in,Cloud9,Perkz,8,6,2,75.0,4.5,1.88,6.13,5.67,263.38,9.09,12.8,441.0,14800.0,510.0,55.9,23.7,22.4
1014,11,Play in,Cloud9,Vulcan,8,6,2,75.0,1.25,3.0,12.25,4.5,26.75,0.92,7.4,255.0,5100.0,174.0,71.1,6.6,12.9
1015,11,Play in,Cloud9,Zven,8,6,2,75.0,4.63,2.0,5.88,5.25,280.0,9.66,13.3,461.0,15200.0,526.0,55.3,24.3,23.4
1016,11,Play in,DetonatioN_FocusMe,Aria,5,4,1,80.0,2.6,0.8,4.6,9.0,275.2,8.56,13.1,407.0,13500.0,419.0,43.9,15.9,22.0
1017,11,Play in,DetonatioN_FocusMe,Evi,5,4,1,80.0,3.8,2.2,6.2,4.55,224.6,6.99,12.1,377.0,10900.0,339.0,61.0,23.2,20.3
1018,11,Play in,DetonatioN_FocusMe,Gaeng,5,4,1,80.0,0.8,2.4,10.8,4.83,30.6,0.95,7.8,243.0,3700.0,114.0,70.7,4.9,13.1
1019,11,Play in,DetonatioN_FocusMe,Steal,5,4,1,80.0,4.2,1.4,6.4,7.57,184.2,5.73,11.5,358.0,12100.0,378.0,64.6,25.6,19.3
1020,11,Play in,DetonatioN_FocusMe,Yutapon,5,4,1,80.0,5.0,0.8,6.4,14.25,317.8,9.89,15.1,470.0,15000.0,468.0,69.5,30.5,25.3
1021,11,Play in,Galatasaray_Esports,Alive,9,4,5,44.4,4.0,3.67,3.78,2.12,303.89,9.31,13.7,419.0,15900.0,488.0,56.5,29.0,23.8
1022,11,Play in,Galatasaray_Esports,Bolulu,9,4,5,44.4,2.67,2.44,6.56,3.77,255.0,7.81,12.6,386.0,15500.0,474.0,66.9,19.4,21.9
1023,11,Play in,Galatasaray_Esports,Crazy,9,4,5,44.4,2.89,3.11,5.22,2.61,240.78,7.37,12.7,389.0,17400.0,531.0,58.9,21.0,22.1
1024,11,Play in,Galatasaray_Esports,Mojito,9,4,5,44.4,3.44,4.67,5.11,1.83,187.78,5.75,11.1,340.0,11900.0,366.0,62.1,25.0,19.3
1025,11,Play in,Galatasaray_Esports,Zergsting,9,4,5,44.4,0.78,4.78,7.78,1.79,34.0,1.04,7.5,230.0,5100.0,156.0,62.1,5.6,13.0
1026,11,Play in,Hanwha_Life_Esports,Chovy,7,6,1,85.7,2.29,1.29,4.86,5.56,299.71,10.22,13.2,451.0,18200.0,620.0,43.9,14.0,23.0
1027,11,Play in,Hanwha_Life_Esports,Deft,7,6,1,85.7,5.43,1.57,5.14,6.73,278.43,9.49,13.5,461.0,22800.0,777.0,64.9,33.3,23.5
1028,11,Play in,Hanwha_Life_Esports,Morgan,7,6,1,85.7,2.71,2.14,5.29,3.73,256.71,8.75,12.4,422.0,13800.0,469.0,49.1,16.7,21.5
1029,11,Play in,Hanwha_Life_Esports,Vsta,7,6,1,85.7,0.86,2.14,9.29,4.73,35.86,1.22,7.2,247.0,4900.0,166.0,62.3,5.3,12.6
1030,11,Play in,Hanwha_Life_Esports,Willer,7,6,1,85.7,5.0,2.0,6.71,5.86,178.86,6.1,11.2,380.0,11600.0,397.0,71.9,30.7,19.4
1031,11,Play in,INFINITY,Ackerman,4,0,4,0.0,0.0,2.5,5.5,2.2,33.75,1.11,6.3,208.0,4500.0,146.0,64.7,0.0,13.2
1032,11,Play in,INFINITY,Buggax,4,0,4,0.0,4.5,3.0,1.0,1.83,243.75,8.0,11.8,386.0,19400.0,635.0,64.7,52.9,24.5
1033,11,Play in,INFINITY,cody,4,0,4,0.0,1.0,4.75,3.75,1.0,194.75,6.39,9.2,303.0,12700.0,416.0,55.9,11.8,19.3
1034,11,Play in,INFINITY,SolidSnake,4,0,4,0.0,1.25,4.25,4.5,1.35,169.0,5.54,9.1,299.0,7800.0,258.0,67.6,14.7,19.0
1035,11,Play in,INFINITY,Whitelotus,4,0,4,0.0,1.75,2.75,3.25,1.82,286.0,9.38,11.5,378.0,12100.0,396.0,58.8,20.6,24.0
1036,11,Play in,LNG_Esports,Ale,4,4,0,100.0,6.5,0.75,4.0,14.0,277.5,9.39,15.1,512.0,20100.0,680.0,60.9,37.7,25.8
1037,11,Play in,LNG_Esports,icon,4,4,0,100.0,2.25,1.25,6.5,7.0,265.75,9.0,11.8,399.0,18400.0,624.0,50.7,13.0,20.1
1038,11,Play in,LNG_Esports,Iwandy,4,4,0,100.0,0.75,0.5,9.0,19.5,39.75,1.35,7.3,248.0,3600.0,124.0,56.5,4.3,12.5
1039,11,Play in,LNG_Esports,Light,4,4,0,100.0,4.0,0.5,5.0,18.0,290.0,9.82,13.4,455.0,17500.0,594.0,52.2,23.2,22.9
1040,11,Play in,LNG_Esports,Tarzan,4,4,0,100.0,3.75,1.5,6.5,6.83,192.75,6.53,11.0,372.0,13200.0,447.0,59.4,21.7,18.8
1041,11,Play in,PEACE__28-Oceanic_Team_29-,Aladoric,12,5,7,41.7,0.75,2.75,9.0,3.55,34.5,1.27,6.6,242.0,4200.0,155.0,69.2,5.3,13.5
1042,11,Play in,PEACE__28-Oceanic_Team_29-,Babip,12,5,7,41.7,3.5,3.75,6.42,2.64,153.08,5.63,9.6,355.0,10800.0,397.0,70.4,24.9,19.8
1043,11,Play in,PEACE__28-Oceanic_Team_29-,Tally,12,5,7,41.7,3.25,3.42,5.75,2.63,234.5,8.63,11.1,407.0,13400.0,492.0,63.9,23.1,22.7
1044,11,Play in,PEACE__28-Oceanic_Team_29-,Violet,12,5,7,41.7,3.92,3.0,4.92,2.94,237.83,8.75,11.2,413.0,12600.0,465.0,62.7,27.8,23.1
1045,11,Play in,PEACE__28-Oceanic_Team_29-,Vizicsacsi,12,5,7,41.7,2.67,3.25,3.67,1.95,213.42,7.86,10.1,373.0,12500.0,461.0,45.0,18.9,20.8
1046,11,Play in,RED_Canids,Aegis,9,3,6,33.3,2.11,3.67,4.89,1.91,180.33,6.42,9.7,345.0,8900.0,315.0,61.2,18.4,20.1
1047,11,Play in,RED_Canids,Guigo,9,3,6,33.3,2.44,4.0,3.67,1.53,201.33,7.17,10.4,371.0,13300.0,474.0,53.4,21.4,21.6
1048,11,Play in,RED_Canids,Jojo,9,3,6,33.3,0.67,3.89,6.78,1.91,32.67,1.16,6.5,230.0,3600.0,129.0,65.0,5.8,13.4
1049,11,Play in,RED_Canids,TitaN,9,3,6,33.3,4.0,3.0,3.33,2.44,244.22,8.7,11.9,422.0,14900.0,530.0,64.1,35.0,24.6
1050,11,Play in,RED_Canids,Grevthar,7,2,5,28.6,2.29,3.29,4.57,2.09,210.43,7.22,10.1,347.0,10300.0,354.0,58.5,19.5,20.3
1051,11,Play in,RED_Canids,Avenger,2,1,1,50.0,2.0,2.0,5.0,3.5,194.0,7.96,8.9,364.0,9800.0,401.0,66.7,19.0,20.8
1052,11,Play in,Unicorns_of_Love_2e-CIS,AHaHaCiK,5,1,4,20.0,1.6,3.4,5.2,2.0,163.0,5.35,9.5,312.0,7000.0,230.0,61.8,14.5,19.1
1053,11,Play in,Unicorns_of_Love_2e-CIS,BOSS,5,1,4,20.0,4.6,4.2,3.8,2.0,204.6,6.72,11.6,381.0,13000.0,426.0,76.4,41.8,23.3
1054,11,Play in,Unicorns_of_Love_2e-CIS,Argonavt,5,1,4,20.0,1.4,3.4,6.6,2.35,155.6,5.11,9.7,319.0,12100.0,398.0,72.7,12.7,19.5
1055,11,Play in,Unicorns_of_Love_2e-CIS,Nomanz,5,1,4,20.0,2.8,3.6,4.8,2.11,255.2,8.38,11.5,376.0,16600.0,546.0,69.1,25.5,23.0
1056,11,Play in,Unicorns_of_Love_2e-CIS,SaNTaS,5,1,4,20.0,0.6,3.6,5.6,1.72,99.6,3.27,7.5,248.0,4300.0,142.0,56.4,5.5,15.1
1057,11,Main,100_Thieves,Abbedagge,6,3,3,50.0,2.5,2.67,4.33,2.56,298.17,8.6,12.9,373.0,12700.0,366.0,56.9,20.8,21.9
1058,11,Main,100_Thieves,Closer,6,3,3,50.0,2.17,3.33,5.67,2.35,193.17,5.57,10.8,310.0,6500.0,188.0,65.3,18.1,18.2
1059,11,Main,100_Thieves,FBI,6,3,3,50.0,3.83,2.33,4.67,3.64,322.83,9.31,14.7,424.0,15300.0,442.0,70.8,31.9,24.9
1060,11,Main,100_Thieves,huhi,6,3,3,50.0,1.67,2.33,8.17,4.21,25.0,0.72,8.3,238.0,6200.0,179.0,81.9,13.9,14.0
1061,11,Main,100_Thieves,Ssumday,6,3,3,50.0,1.83,2.17,4.83,3.08,272.0,7.84,12.4,358.0,15400.0,444.0,55.6,15.3,21.0
1062,11,Main,Cloud9,Blaber,10,3,7,30.0,2.4,2.6,6.4,3.38,216.0,6.16,11.7,333.0,9500.0,272.0,73.3,20.0,18.9
1063,11,Main,Cloud9,Fudge,10,3,7,30.0,3.2,2.7,4.1,2.7,282.0,8.04,13.6,387.0,13900.0,398.0,60.8,26.7,22.0
1064,11,Main,Cloud9,Perkz,10,3,7,30.0,3.3,2.8,5.2,3.04,313.4,8.94,14.5,413.0,14100.0,403.0,70.8,27.5,23.5
1065,11,Main,Cloud9,Vulcan,10,3,7,30.0,0.7,3.5,8.0,2.49,31.3,0.89,7.7,220.0,4800.0,138.0,72.5,5.8,12.5
1066,11,Main,Cloud9,Zven,10,3,7,30.0,2.4,2.9,4.5,2.38,328.0,9.36,14.2,406.0,13900.0,397.0,57.5,20.0,23.1
1067,11,Main,DetonatioN_FocusMe,Aria,6,0,6,0.0,2.33,2.17,3.33,2.62,243.83,7.81,11.2,357.0,13200.0,424.0,75.6,31.1,22.8
1068,11,Main,DetonatioN_FocusMe,Evi,6,0,6,0.0,1.67,4.17,3.0,1.12,218.17,6.99,10.4,333.0,11800.0,377.0,62.2,22.2,21.3
1069,11,Main,DetonatioN_FocusMe,Gaeng,6,0,6,0.0,0.33,3.83,3.67,1.04,31.33,1.0,6.4,204.0,4200.0,135.0,53.3,4.4,13.0
1070,11,Main,DetonatioN_FocusMe,Steal,6,0,6,0.0,1.17,4.0,3.0,1.04,160.33,5.14,9.1,292.0,7100.0,228.0,55.6,15.6,18.6
1071,11,Main,DetonatioN_FocusMe,Yutapon,6,0,6,0.0,2.0,2.67,2.0,1.5,284.0,9.1,11.9,380.0,11900.0,382.0,53.3,26.7,24.3
1072,11,Main,DWG_KIA,BeryL,19,14,5,73.7,1.16,2.32,8.74,4.27,44.84,1.29,8.7,250.0,6000.0,172.0,64.6,7.6,13.7
1073,11,Main,DWG_KIA,Canyon,19,14,5,73.7,2.89,1.79,6.84,5.44,179.47,5.18,11.5,331.0,8700.0,252.0,63.6,18.9,18.1
1074,11,Main,DWG_KIA,Ghost,19,14,5,73.7,3.79,1.58,5.37,5.8,303.0,8.74,14.6,422.0,16200.0,468.0,59.8,24.7,23.1
1075,11,Main,DWG_KIA,Khan,19,14,5,73.7,3.53,2.89,5.95,3.27,297.58,8.58,14.5,418.0,17600.0,509.0,61.9,23.0,22.9
1076,11,Main,DWG_KIA,ShowMaker,19,14,5,73.7,3.95,1.42,6.58,7.41,285.53,8.24,14.1,406.0,17500.0,504.0,68.7,25.8,22.2
1077,11,Main,EDward_Gaming,Flandre,21,13,8,61.9,2.67,2.52,4.33,2.77,305.24,9.32,13.9,426.0,17200.0,527.0,56.8,21.6,23.6
1078,11,Main,EDward_Gaming,JieJie,21,13,8,61.9,2.24,2.48,7.38,3.88,169.86,5.19,10.6,324.0,8700.0,265.0,78.0,18.1,18.0
1079,11,Main,EDward_Gaming,Meiko,21,13,8,61.9,0.67,1.95,8.95,4.93,25.52,0.78,7.7,236.0,5000.0,153.0,78.0,5.4,13.1
1080,11,Main,EDward_Gaming,Scout,21,13,8,61.9,3.29,1.81,5.19,4.68,279.33,8.53,13.1,399.0,13900.0,426.0,68.7,26.6,22.1
1081,11,Main,EDward_Gaming,Viper,21,13,8,61.9,3.48,1.95,4.95,4.32,302.24,9.23,13.7,418.0,15800.0,481.0,68.3,28.2,23.2
1082,11,Main,Fnatic,Adam,6,1,5,16.7,4.33,6.5,5.0,1.44,287.17,7.62,14.8,394.0,20400.0,541.0,59.6,27.7,22.4
1083,11,Main,Fnatic,BEAN,6,1,5,16.7,4.0,3.67,5.33,2.55,302.0,8.01,14.8,394.0,19200.0,508.0,59.6,25.5,22.4
1084,11,Main,Fnatic,Bwipo,6,1,5,16.7,3.67,5.0,8.67,2.47,232.67,6.17,13.3,354.0,16600.0,439.0,78.7,23.4,20.1
1085,11,Main,Fnatic,Hylissang,6,1,5,16.7,0.5,7.83,10.83,1.45,34.67,0.92,8.5,226.0,7100.0,188.0,72.3,3.2,12.8
1086,11,Main,Fnatic,Nisqy,6,1,5,16.7,3.17,4.83,7.83,2.28,297.83,7.9,14.8,392.0,20000.0,532.0,70.2,20.2,22.3
1087,11,Main,FunPlus_Phoenix,Crisp,7,2,5,28.6,0.86,2.86,4.71,1.95,30.71,0.92,7.2,215.0,2900.0,88.0,61.9,9.5,12.6
1088,11,Main,FunPlus_Phoenix,Doinb,7,2,5,28.6,1.57,2.86,3.86,1.9,302.29,9.04,13.6,406.0,11400.0,343.0,60.3,17.5,23.7
1089,11,Main,FunPlus_Phoenix,Lwx,7,2,5,28.6,3.0,2.86,2.43,1.9,314.14,9.4,13.7,410.0,9700.0,290.0,60.3,33.3,24.0
1090,11,Main,FunPlus_Phoenix,Nuguri,7,2,5,28.6,2.14,4.0,3.14,1.32,277.14,8.29,12.4,372.0,16100.000000000002,481.0,58.7,23.8,21.7
1091,11,Main,FunPlus_Phoenix,Tian,7,2,5,28.6,1.43,3.29,4.0,1.65,179.0,5.36,10.3,308.0,5700.0,171.0,60.3,15.9,18.0
1092,11,Main,Gen_2e-G,Bdd,16,10,6,62.5,3.25,2.5,6.25,3.8,287.81,7.98,14.0,389.0,19500.0,540.0,67.3,23.0,21.6
1093,11,Main,Gen_2e-G,Clid,16,10,6,62.5,3.25,3.06,6.44,3.16,183.0,5.07,11.7,326.0,10500.0,292.0,68.6,23.0,18.1
1094,11,Main,Gen_2e-G,Life,16,10,6,62.5,1.19,2.44,9.31,4.31,24.75,0.69,8.4,234.0,4800.0,134.0,74.3,8.4,13.0
1095,11,Main,Gen_2e-G,Ruler,16,10,6,62.5,3.5,1.56,5.69,5.88,340.0,9.43,16.0,443.0,16200.0,450.0,65.0,24.8,24.7
1096,11,Main,Gen_2e-G,Rascal,13,8,5,61.5,2.85,2.54,3.92,2.67,311.46,8.72,14.5,407.0,13000.0,364.0,49.4,20.8,22.8
1097,11,Main,Gen_2e-G,Burdol,3,2,1,66.7,3.33,6.33,5.0,1.32,293.33,7.8,15.0,399.0,14800.0,393.0,52.1,20.8,21.7
1098,11,Main,Hanwha_Life_Esports,Chovy,10,4,6,40.0,3.5,2.3,5.4,3.87,322.1,9.03,14.9,418.0,21000.0,589.0,70.6,27.8,24.1
1099,11,Main,Hanwha_Life_Esports,Deft,10,4,6,40.0,4.0,2.3,4.7,3.78,315.1,8.84,14.6,409.0,20200.0,565.0,69.0,31.7,23.6
1100,11,Main,Hanwha_Life_Esports,Morgan,10,4,6,40.0,1.8,3.2,6.3,2.53,275.3,7.72,13.2,369.0,12600.0,353.0,64.3,14.3,21.3
1101,11,Main,Hanwha_Life_Esports,Vsta,10,4,6,40.0,0.8,3.1,8.1,2.87,35.9,1.01,8.0,224.0,4800.0,134.0,70.6,6.3,12.9
1102,11,Main,Hanwha_Life_Esports,Willer,10,4,6,40.0,2.5,2.8,6.4,3.18,184.4,5.17,11.1,311.0,7900.0,221.0,70.6,19.8,18.0
1103,11,Main,LNG_Esports,Ale,7,3,4,42.9,3.43,2.86,4.14,2.65,274.86,8.68,13.0,411.0,13600.0,430.0,60.2,27.3,23.4
1104,11,Main,LNG_Esports,icon,7,3,4,42.9,3.86,3.14,4.0,2.5,268.86,8.49,12.4,392.0,12200.0,384.0,62.5,30.7,22.3
1105,11,Main,LNG_Esports,Iwandy,7,3,4,42.9,0.71,2.0,7.0,3.86,32.0,1.01,7.1,225.0,3200.0,101.0,61.4,5.7,12.8
1106,11,Main,LNG_Esports,Light,7,3,4,42.9,2.86,1.0,5.0,7.86,306.86,9.69,13.4,422.0,17300.0,545.0,62.5,22.7,24.0
1107,11,Main,LNG_Esports,Tarzan,7,3,4,42.9,1.71,1.57,6.29,5.09,167.71,5.3,9.8,309.0,7500.0,237.0,63.6,13.6,17.6
1108,11,Main,MAD_Lions,Armut,11,4,7,36.4,3.18,4.18,5.55,2.09,287.64,7.76,14.3,387.0,15700.0,424.0,57.5,21.0,21.7
1109,11,Main,MAD_Lions,Carzzy,11,4,7,36.4,3.91,3.45,5.36,2.68,328.55,8.86,15.6,420.0,18700.0,503.0,61.1,25.7,23.5
1110,11,Main,MAD_Lions,Elyoya,11,4,7,36.4,3.0,4.0,7.73,2.68,198.0,5.34,12.2,330.0,9900.0,267.0,70.7,19.8,18.5
1111,11,Main,MAD_Lions,Humanoid,11,4,7,36.4,4.18,3.82,6.0,2.67,330.27,8.91,15.5,419.0,21000.0,567.0,67.1,27.5,23.5
1112,11,Main,MAD_Lions,Kaiser,11,4,7,36.4,0.91,3.09,10.18,3.59,32.73,0.88,8.5,229.0,5900.0,159.0,73.1,6.0,12.8
1113,11,Main,PSG_Talon,Hanabi,6,3,3,50.0,5.83,3.0,6.33,4.06,310.5,8.44,16.1,438.0,21100.0,574.0,78.5,37.6,24.9
1114,11,Main,PSG_Talon,Kaiwing,6,3,3,50.0,0.5,2.17,10.33,5.0,26.67,0.73,8.1,219.0,8000.0,217.0,69.9,3.2,12.5
1115,11,Main,PSG_Talon,Maple,6,3,3,50.0,4.33,2.67,5.0,3.5,293.17,7.97,14.2,386.0,16600.0,451.0,60.2,28.0,21.9
1116,11,Main,PSG_Talon,River,6,3,3,50.0,2.5,3.0,8.5,3.67,203.83,5.54,12.1,330.0,11500.0,313.0,71.0,16.1,18.8
1117,11,Main,PSG_Talon,Unified,6,3,3,50.0,2.33,2.0,5.67,4.0,305.17,8.3,14.2,387.0,14500.0,395.0,51.6,15.1,22.0
1118,11,Main,Rogue__28-European_Team_29-,Hans sama,8,3,5,37.5,4.13,1.88,4.63,4.67,364.5,9.85,16.2,438.0,17300.0,467.0,66.0,31.1,25.0
1119,11,Main,Rogue__28-European_Team_29-,Inspired,8,3,5,37.5,3.25,3.13,5.75,2.88,199.88,5.4,12.0,323.0,11300.0,305.0,67.9,24.5,18.5
1120,11,Main,Rogue__28-European_Team_29-,Larssen,8,3,5,37.5,3.13,2.38,4.63,3.26,319.75,8.64,14.8,399.0,12300.0,333.0,58.5,23.6,22.8
1121,11,Main,Rogue__28-European_Team_29-,Odoamne,8,3,5,37.5,2.0,3.25,4.25,1.92,294.75,7.97,13.6,368.0,18100.0,490.0,47.2,15.1,21.1
1122,11,Main,Rogue__28-European_Team_29-,Trymbi,8,3,5,37.5,0.75,3.88,9.5,2.65,28.13,0.76,8.2,220.0,5400.0,147.0,77.4,5.7,12.6
1123,11,Main,Royal_Never_Give_Up,Cryin,12,7,5,58.3,2.58,2.33,9.5,5.18,236.17,6.89,12.6,367.0,14500.0,422.0,74.4,15.9,20.4
1124,11,Main,Royal_Never_Give_Up,GALA,12,7,5,58.3,4.25,1.75,4.83,5.19,319.67,9.33,14.9,434.0,16400.0,479.0,55.9,26.2,24.1
1125,11,Main,Royal_Never_Give_Up,Ming,12,7,5,58.3,1.17,3.75,8.75,2.64,35.42,1.03,8.0,232.0,4600.0,133.0,61.0,7.2,12.9
1126,11,Main,Royal_Never_Give_Up,Wei,12,7,5,58.3,4.42,3.42,7.92,3.61,165.58,4.83,11.8,344.0,13000.0,379.0,75.9,27.2,19.1
1127,11,Main,Royal_Never_Give_Up,Xiaohu,12,7,5,58.3,3.83,2.75,6.5,3.76,302.92,8.84,14.6,425.0,17700.0,516.0,63.6,23.6,23.6
1128,11,Main,T1,Canna,14,10,4,71.4,2.64,1.86,4.5,3.85,262.93,8.47,12.6,405.0,14600.0,470.0,61.0,22.6,22.1
1129,11,Main,T1,Faker,14,10,4,71.4,1.86,1.43,4.79,4.65,252.64,8.14,11.8,381.0,11200.0,360.0,56.7,15.9,20.8
1130,11,Main,T1,Gumayusi,14,10,4,71.4,3.5,1.0,3.71,7.21,316.57,10.2,14.1,455.0,14600.0,471.0,61.6,29.9,24.9
1131,11,Main,T1,Keria,14,10,4,71.4,0.57,1.21,8.57,7.53,27.07,0.87,7.7,248.0,3800.0,123.0,78.0,4.9,13.5
1132,11,Main,T1,Oner,14,10,4,71.4,3.14,1.71,5.14,4.83,173.64,5.6,10.6,342.0,9400.0,303.0,70.7,26.8,18.7
1133,11,Main,Team_Liquid,Alphari,7,3,4,42.9,2.71,2.43,3.14,2.41,287.86,8.61,13.3,397.0,13200.0,396.0,54.7,25.3,22.9
1134,11,Main,Team_Liquid,CoreJJ,7,3,4,42.9,0.86,3.57,6.71,2.12,37.43,1.12,7.5,224.0,3500.0,105.0,70.7,8.0,12.9
1135,11,Main,Team_Liquid,Jensen,7,3,4,42.9,3.43,2.14,4.71,3.8,283.57,8.49,13.5,404.0,16400.0,492.0,76.0,32.0,23.3
1136,11,Main,Team_Liquid,Santorin,7,3,4,42.9,1.71,2.14,7.57,4.33,160.71,4.81,10.3,307.0,8000.0,240.0,86.7,16.0,17.7
1137,11,Main,Team_Liquid,Tactical,7,3,4,42.9,2.0,2.43,3.43,2.24,311.0,9.31,13.4,400.0,15000.0,449.0,50.7,18.7,23.1
1138,12,Play in,Beyond_Gaming,Husha,5,2,3,40.0,3.0,2.6,8.4,4.38,157.0,4.92,10.4,325.0,9800.0,308.0,86.4,22.7,18.6
1139,12,Play in,Beyond_Gaming,Kino,5,2,3,40.0,0.2,5.0,9.0,1.84,36.2,1.13,7.1,222.0,3100.0,98.0,69.7,1.5,12.7
1140,12,Play in,Beyond_Gaming,Minji,5,2,3,40.0,6.0,2.8,4.8,3.86,236.0,7.4,12.6,396.0,14300.0,449.0,81.8,45.5,22.7
1141,12,Play in,Beyond_Gaming,Wako,5,2,3,40.0,2.6,2.0,6.4,4.5,302.4,9.48,13.7,428.0,19500.0,611.0,68.2,19.7,24.6
1142,12,Play in,Beyond_Gaming,Likai,4,1,3,25.0,1.0,2.25,4.75,2.56,275.25,8.23,12.2,365.0,12400.0,370.0,43.4,7.5,21.5
1143,12,Play in,Beyond_Gaming,Liang,1,1,0,100.0,3.0,1.0,5.0,8.0,216.0,8.4,10.4,404.0,8900.0,348.0,61.5,23.1,20.2
1144,12,Play in,Chiefs_Esports_Club,Aladoric,5,0,5,0.0,0.4,4.2,5.6,1.43,32.4,1.15,5.9,209.0,4000.0,142.0,68.2,4.5,12.9
1145,12,Play in,Chiefs_Esports_Club,Arthur,5,0,5,0.0,3.0,4.0,3.8,1.7,155.8,5.55,9.6,342.0,10700.0,381.0,77.3,34.1,21.1
1146,12,Play in,Chiefs_Esports_Club,Raes,5,0,5,0.0,2.0,4.0,3.6,1.4,238.4,8.49,10.4,369.0,12400.0,441.0,63.6,22.7,22.7
1147,12,Play in,Chiefs_Esports_Club,Tally,5,0,5,0.0,1.6,3.4,4.8,1.88,229.4,8.17,9.9,353.0,14200.0,506.0,72.7,18.2,21.8
1148,12,Play in,Chiefs_Esports_Club,Topoon,5,0,5,0.0,1.8,3.8,3.0,1.26,212.8,7.58,9.8,348.0,14600.0,519.0,54.5,20.5,21.4
1149,12,Play in,DetonatioN_FocusMe,Evi,14,7,7,50.0,2.21,3.71,5.64,2.12,243.43,7.44,12.0,367.0,18600.0,569.0,56.7,16.0,20.6
1150,12,Play in,DetonatioN_FocusMe,Harp,14,7,7,50.0,0.71,3.36,9.0,2.89,28.0,0.86,7.6,231.0,7700.0,236.0,70.1,5.2,13.0
1151,12,Play in,DetonatioN_FocusMe,Steal,14,7,7,50.0,1.93,3.43,8.29,2.98,151.79,4.64,9.9,303.0,10600.0,323.0,73.7,13.9,17.0
1152,12,Play in,DetonatioN_FocusMe,Yaharong,14,7,7,50.0,3.71,2.79,5.0,3.13,296.07,9.04,13.8,421.0,20700.0,631.0,62.9,26.8,23.6
1153,12,Play in,DetonatioN_FocusMe,Yutapon,14,7,7,50.0,5.29,2.71,4.5,3.61,318.71,9.74,15.1,460.0,19600.0,597.0,70.6,38.1,25.8
1154,12,Play in,DRX,BeryL,5,5,0,100.0,1.6,1.4,9.0,7.57,33.0,1.1,7.6,255.0,7000.0,232.0,57.6,8.7,13.0
1155,12,Play in,DRX,Deft,5,5,0,100.0,4.6,1.2,8.0,10.5,295.6,9.86,14.1,469.0,23100.0,771.0,68.5,25.0,24.0
1156,12,Play in,DRX,Kingen,5,5,0,100.0,2.8,2.4,6.0,3.67,238.8,7.96,11.9,398.0,16800.0,559.0,47.8,15.2,20.4
1157,12,Play in,DRX,Zeka,5,5,0,100.0,7.4,0.8,4.8,15.25,321.8,10.73,15.6,519.0,22200.0,742.0,66.3,40.2,26.5
1158,12,Play in,DRX,Pyosik,3,3,0,100.0,1.33,1.67,10.0,6.8,130.33,3.97,9.4,287.0,9100.0,276.0,61.8,7.3,15.2
1159,12,Play in,DRX,Juhan,2,2,0,100.0,3.0,1.5,9.5,8.33,147.5,5.74,9.4,365.0,12200.0,476.0,67.6,16.2,17.5
1160,12,Play in,Evil_Geniuses_2e-NA,Impact,10,8,2,80.0,4.2,1.2,5.6,8.17,253.3,8.18,13.5,436.0,17600.0,568.0,56.6,24.3,23.0
1161,12,Play in,Evil_Geniuses_2e-NA,Inspired,10,8,2,80.0,2.9,0.9,9.7,14.0,159.0,5.13,10.6,341.0,9900.0,319.0,72.8,16.8,17.9
1162,12,Play in,Evil_Geniuses_2e-NA,jojopyun,10,8,2,80.0,3.7,2.6,7.1,4.15,242.1,7.82,12.2,393.0,17100.0,553.0,62.4,21.4,20.7
1163,12,Play in,Evil_Geniuses_2e-NA,Kaori,10,8,2,80.0,5.7,1.9,5.1,5.68,305.7,9.87,14.8,479.0,16000.0,516.0,62.4,32.9,25.2
1164,12,Play in,Evil_Geniuses_2e-NA,Vulcan,10,8,2,80.0,0.8,1.7,11.9,7.47,30.5,0.98,7.8,250.0,5300.0,171.0,73.4,4.6,13.2
1165,12,Play in,Fnatic,Humanoid,5,4,1,80.0,5.2,1.8,3.8,5.0,269.4,8.78,13.9,453.0,25200.0,822.0,59.2,34.2,23.3
1166,12,Play in,Fnatic,Razork,5,4,1,80.0,2.4,2.6,8.0,4.0,197.4,6.44,11.4,370.0,12300.0,402.0,68.4,15.8,19.0
1167,12,Play in,Fnatic,Upset,5,4,1,80.0,5.4,0.4,4.6,25.0,318.2,10.37,14.8,483.0,16000.0,522.0,65.8,35.5,24.8
1168,12,Play in,Fnatic,Wunder,5,4,1,80.0,1.4,2.0,5.2,3.3,263.4,8.59,11.9,387.0,15100.0,494.0,43.4,9.2,19.9
1169,12,Play in,Fnatic,Hylissang,3,2,1,66.7,1.33,4.33,7.67,2.08,36.67,1.17,7.8,248.0,7900.0,252.0,55.1,8.2,13.1
1170,12,Play in,Fnatic,Rhuckz,2,2,0,100.0,0.0,0.0,11.0,22.0,40.5,1.36,7.6,255.0,4000.0,136.0,81.5,0.0,12.6
1171,12,Play in,Istanbul_Wildcats,Farfetch,5,0,5,0.0,0.2,6.4,7.8,1.25,27.0,0.84,6.6,205.0,6600.0,206.0,69.0,1.7,12.8
1172,12,Play in,Istanbul_Wildcats,Ferret,5,0,5,0.0,1.4,4.8,7.0,1.75,132.0,4.12,8.9,277.0,10500.0,328.0,72.4,12.1,17.2
1173,12,Play in,Istanbul_Wildcats,HolyPhoenix,5,0,5,0.0,4.4,3.0,5.6,3.33,297.4,9.28,13.6,423.0,15900.0,497.0,86.2,37.9,26.3
1174,12,Play in,Istanbul_Wildcats,Serin,5,0,5,0.0,3.8,3.6,5.0,2.44,257.0,8.02,12.4,387.0,24800.0,772.0,75.9,32.8,24.0
1175,12,Play in,Istanbul_Wildcats,StarScreen,5,0,5,0.0,1.8,4.0,5.2,1.75,213.8,6.67,10.2,317.0,13800.0,431.0,60.3,15.5,19.7
1176,12,Play in,Isurus,ADD,5,1,4,20.0,2.6,5.0,4.6,1.44,190.2,6.46,9.9,338.0,14800.0,502.0,67.9,24.5,20.5
1177,12,Play in,Isurus,Gavotto,5,1,4,20.0,2.2,3.6,4.0,1.72,236.6,8.04,11.1,379.0,11500.0,390.0,58.5,20.8,23.0
1178,12,Play in,Isurus,Grell,5,1,4,20.0,3.2,5.2,5.8,1.73,190.2,6.46,10.7,364.0,13700.0,465.0,84.9,30.2,22.1
1179,12,Play in,Isurus,Jelly,5,1,4,20.0,0.8,6.0,5.4,1.03,33.8,1.15,6.4,217.0,4800.0,162.0,58.5,7.5,13.2
1180,12,Play in,Isurus,seiya,5,1,4,20.0,1.8,3.2,4.6,2.0,224.4,7.62,10.2,346.0,12200.0,414.0,60.4,17.0,21.0
1181,12,Play in,LOUD,Brance,10,4,6,40.0,3.6,2.8,5.9,3.39,252.0,8.3,12.1,400.0,16900.0,558.0,66.4,25.2,22.9
1182,12,Play in,LOUD,Ceos,10,4,6,40.0,0.6,4.0,9.5,2.53,33.4,1.1,6.9,228.0,4900.0,161.0,70.6,4.2,13.1
1183,12,Play in,LOUD,Croc,10,4,6,40.0,2.7,3.8,6.5,2.42,148.8,4.9,9.9,327.0,11500.0,379.0,64.3,18.9,18.7
1184,12,Play in,LOUD,Robo,10,4,6,40.0,4.2,4.4,5.6,2.23,234.1,7.71,12.4,408.0,19300.0,636.0,68.5,29.4,23.3
1185,12,Play in,LOUD,tinowns,10,4,6,40.0,3.2,2.5,6.1,3.72,239.7,7.9,11.7,384.0,15600.0,513.0,65.0,22.4,22.0
1186,12,Play in,MAD_Lions,Armut,12,6,6,50.0,1.75,2.92,6.33,2.77,246.67,7.79,12.2,384.0,14200.0,448.0,59.9,13.0,21.1
1187,12,Play in,MAD_Lions,Elyoya,12,6,6,50.0,3.92,2.0,6.67,5.29,189.42,5.98,11.8,373.0,9700.0,306.0,78.4,29.0,20.4
1188,12,Play in,MAD_Lions,Kaiser,12,6,6,50.0,0.33,3.5,7.83,2.33,32.17,1.02,7.1,226.0,4300.0,135.0,60.5,2.5,12.4
1189,12,Play in,MAD_Lions,Nisqy,12,6,6,50.0,3.5,2.92,6.42,3.4,265.67,8.39,12.9,408.0,18600.0,586.0,73.5,25.9,22.4
1190,12,Play in,MAD_Lions,UNF0RGIVEN,12,6,6,50.0,4.0,2.25,5.08,4.04,284.75,8.99,13.7,433.0,16400.0,516.0,67.3,29.6,23.7
1191,12,Play in,Royal_Never_Give_Up,Breathe,9,7,2,77.8,4.22,2.33,4.33,3.67,284.0,8.62,14.1,429.0,17400.0,528.0,47.5,23.5,21.8
1192,12,Play in,Royal_Never_Give_Up,GALA,9,7,2,77.8,4.78,1.22,7.0,9.64,339.56,10.31,16.0,484.0,20300.0,615.0,65.4,26.5,24.6
1193,12,Play in,Royal_Never_Give_Up,Ming,9,7,2,77.8,1.0,2.33,11.44,5.33,32.78,0.99,8.3,251.0,5300.0,162.0,69.1,5.6,12.8
1194,12,Play in,Royal_Never_Give_Up,Wei,9,7,2,77.8,3.67,1.44,8.78,8.62,183.89,5.58,12.2,370.0,11700.0,355.0,69.1,20.4,18.8
1195,12,Play in,Royal_Never_Give_Up,Xiaohu,9,7,2,77.8,4.33,2.33,7.56,5.1,282.44,8.57,14.2,432.0,18800.0,571.0,66.0,24.1,22.0
1196,12,Play in,Saigon_Buffalo,BeanJ,9,3,6,33.3,1.89,3.56,6.0,2.22,149.89,5.0,9.5,316.0,9200.0,306.0,62.8,15.0,17.8
1197,12,Play in,Saigon_Buffalo,Froggy,9,3,6,33.3,1.56,2.67,6.0,2.83,233.89,7.8,10.8,360.0,14800.0,492.0,60.2,12.4,20.3
1198,12,Play in,Saigon_Buffalo,Hasmed,9,3,6,33.3,3.22,3.0,3.33,2.19,240.56,8.02,11.7,392.0,14800.0,493.0,52.2,25.7,22.1
1199,12,Play in,Saigon_Buffalo,Shogun,9,3,6,33.3,4.89,1.89,4.22,4.82,303.0,10.1,13.9,462.0,19200.0,641.0,72.6,38.9,26.1
1200,12,Play in,Saigon_Buffalo,Taki,9,3,6,33.3,1.0,3.11,8.22,2.96,33.11,1.1,7.3,243.0,5000.0,166.0,73.5,8.0,13.7
1201,12,Main,100_Thieves,Abbedagge,6,1,5,16.7,1.83,2.83,3.83,2.0,262.67,8.54,11.6,378.0,14200.0,463.0,64.2,20.8,22.6
1202,12,Main,100_Thieves,Closer,6,1,5,16.7,2.0,2.0,3.83,2.92,152.17,4.95,9.3,303.0,5500.0,179.0,66.0,22.6,18.1
1203,12,Main,100_Thieves,FBI,6,1,5,16.7,2.17,3.17,4.17,2.0,198.17,6.45,10.9,356.0,12600.0,409.0,71.7,24.5,21.3
1204,12,Main,100_Thieves,huhi,6,1,5,16.7,0.67,3.0,5.33,2.0,88.67,2.88,8.0,261.0,5000.0,164.0,67.9,7.5,15.6
1205,12,Main,100_Thieves,Ssumday,6,1,5,16.7,2.17,2.83,3.33,1.94,263.83,8.58,11.6,378.0,13900.0,454.0,62.3,24.5,22.6
1206,12,Main,Cloud9,Berserker,6,1,5,16.7,1.33,2.0,2.67,2.0,240.17,8.83,10.3,378.0,10700.0,392.0,60.0,20.0,23.6
1207,12,Main,Cloud9,Blaber,6,1,5,16.7,1.0,3.17,4.33,1.68,148.17,5.45,8.3,305.0,6900.0,254.0,80.0,15.0,19.1
1208,12,Main,Cloud9,Fudge,6,1,5,16.7,0.83,2.17,2.5,1.54,212.67,7.82,9.0,332.0,9500.0,348.0,50.0,12.5,20.7
1209,12,Main,Cloud9,Jensen,6,1,5,16.7,2.67,2.83,2.17,1.71,220.5,8.11,10.0,366.0,16700.0,615.0,72.5,40.0,22.9
1210,12,Main,Cloud9,Zven,6,1,5,16.7,0.83,4.5,3.0,0.85,25.5,0.94,6.0,220.0,4000.0,148.0,57.5,12.5,13.7
1211,12,Main,CTBC_Flying_Oyster,Gemini,6,1,5,16.7,1.33,4.5,4.5,1.3,143.17,4.52,8.9,280.0,6900.0,218.0,72.9,16.7,16.5
1212,12,Main,CTBC_Flying_Oyster,Koala,6,1,5,16.7,0.83,4.83,4.17,1.03,37.33,1.18,7.4,235.0,5100.0,161.0,62.5,10.4,13.9
1213,12,Main,CTBC_Flying_Oyster,Mission,6,1,5,16.7,1.5,3.33,3.67,1.55,300.0,9.46,13.1,413.0,20100.0,634.0,64.6,18.8,24.4
1214,12,Main,CTBC_Flying_Oyster,Rest,6,1,5,16.7,1.17,3.0,2.33,1.17,257.33,8.12,11.2,353.0,13000.0,409.0,43.8,14.6,20.9
1215,12,Main,CTBC_Flying_Oyster,Shunn,5,1,4,20.0,3.2,3.8,2.2,1.42,280.2,8.84,13.2,416.0,13200.0,417.0,62.8,37.2,24.5
1216,12,Main,CTBC_Flying_Oyster,Atlen,1,0,1,0.0,3.0,5.0,2.0,1.0,251.0,7.9,12.8,402.0,5200.0,163.0,100.0,60.0,24.0
1217,12,Main,DRX,BeryL,21,14,7,66.7,0.76,2.24,8.0,3.91,34.62,1.0,8.6,250.0,10200.0,295.0,66.7,5.8,13.7
1218,12,Main,DRX,Deft,21,14,7,66.7,3.14,1.76,4.62,4.41,326.57,9.47,15.1,437.0,20000.0,581.0,59.1,23.9,24.0
1219,12,Main,DRX,Kingen,21,14,7,66.7,2.71,2.19,5.05,3.54,253.95,7.37,12.8,371.0,16300.0,473.0,59.1,20.7,20.4
1220,12,Main,DRX,Zeka,21,14,7,66.7,4.0,1.57,4.1,5.15,322.62,9.36,14.9,431.0,16600.0,481.0,61.6,30.4,23.7
1221,12,Main,DRX,Pyosik,20,14,6,70.0,2.5,1.65,6.55,5.48,187.75,5.46,11.5,335.0,10900.0,317.0,68.0,18.8,18.3
1222,12,Main,DRX,Juhan,1,0,1,0.0,3.0,4.0,6.0,2.25,165.0,4.56,10.7,297.0,12900.0,357.0,90.0,30.0,18.3
1223,12,Main,DWG_KIA,Canyon,12,7,5,58.3,3.42,2.67,6.75,3.81,176.67,5.59,11.3,358.0,13300.0,421.0,70.1,23.6,19.5
1224,12,Main,DWG_KIA,deokdam,12,7,5,58.3,4.5,1.92,5.42,5.17,280.08,8.86,14.1,447.0,18600.0,587.0,68.4,31.0,24.4
1225,12,Main,DWG_KIA,Kellin,12,7,5,58.3,0.67,2.08,10.25,5.24,16.42,0.52,7.6,241.0,5400.0,170.0,75.3,4.6,13.2
1226,12,Main,DWG_KIA,Nuguri,12,7,5,58.3,2.5,2.92,4.25,2.31,247.5,7.83,12.2,386.0,15700.0,496.0,46.6,17.2,21.0
1227,12,Main,DWG_KIA,ShowMaker,12,7,5,58.3,3.42,1.5,5.75,6.11,260.25,8.23,12.7,403.0,20000.0,633.0,63.2,23.6,22.0
1228,12,Main,EDward_Gaming,Flandre,11,6,5,54.5,2.09,1.82,4.18,3.45,272.45,8.14,12.7,380.0,16600.0,495.0,47.9,16.0,21.2
1229,12,Main,EDward_Gaming,JieJie,11,6,5,54.5,1.73,2.64,7.82,3.62,183.27,5.48,11.0,327.0,10900.0,327.0,72.9,13.2,18.3
1230,12,Main,EDward_Gaming,Meiko,11,6,5,54.5,0.91,2.64,8.64,3.62,26.27,0.78,7.9,236.0,5400.0,162.0,72.9,6.9,13.2
1231,12,Main,EDward_Gaming,Scout,11,6,5,54.5,4.18,2.27,4.09,3.64,272.45,8.14,13.6,406.0,23200.0,694.0,63.2,31.9,22.7
1232,12,Main,EDward_Gaming,Viper,11,6,5,54.5,4.18,1.82,5.27,5.2,321.91,9.62,14.8,441.0,21400.0,640.0,72.2,31.9,24.6
1233,12,Main,Evil_Geniuses_2e-NA,Impact,6,1,5,16.7,1.33,3.17,3.67,1.58,202.5,7.04,9.5,332.0,12500.0,436.0,56.6,15.1,20.0
1234,12,Main,Evil_Geniuses_2e-NA,Inspired,6,1,5,16.7,2.17,2.33,4.0,2.64,183.5,6.38,9.8,342.0,9700.0,336.0,69.8,24.5,20.6
1235,12,Main,Evil_Geniuses_2e-NA,jojopyun,6,1,5,16.7,1.33,3.83,2.67,1.04,221.67,7.71,10.0,348.0,13000.0,452.0,45.3,15.1,20.9
1236,12,Main,Evil_Geniuses_2e-NA,Kaori,6,1,5,16.7,3.83,3.0,2.17,2.0,256.67,8.92,12.2,423.0,15700.0,546.0,67.9,43.4,25.5
1237,12,Main,Evil_Geniuses_2e-NA,Vulcan,6,1,5,16.7,0.17,3.67,6.33,1.77,21.83,0.76,6.2,215.0,4500.0,155.0,73.6,1.9,13.0
1238,12,Main,Fnatic,Humanoid,6,2,4,33.3,3.17,2.67,2.83,2.25,297.67,9.66,12.9,419.0,20900.0,678.0,63.2,33.3,24.8
1239,12,Main,Fnatic,Hylissang,6,2,4,33.3,0.17,4.17,7.17,1.76,21.33,0.69,6.8,219.0,4900.0,159.0,77.2,1.8,13.0
1240,12,Main,Fnatic,Razork,6,2,4,33.3,1.5,2.67,5.17,2.5,155.17,5.03,9.2,299.0,10000.0,324.0,70.2,15.8,17.7
1241,12,Main,Fnatic,Upset,6,2,4,33.3,3.33,1.33,3.0,4.75,299.5,9.72,13.1,424.0,15000.0,486.0,66.7,35.1,25.1
1242,12,Main,Fnatic,Wunder,6,2,4,33.3,1.33,3.0,4.17,1.83,221.0,7.17,10.1,327.0,11200.0,362.0,57.9,14.0,19.4
1243,12,Main,G2_Esports,BrokenBlade,6,1,5,16.7,2.67,2.83,2.5,1.82,216.0,7.17,10.4,347.0,14200.0,470.0,56.4,29.1,21.2
1244,12,Main,G2_Esports,caPs,6,1,5,16.7,2.33,2.67,3.33,2.13,243.5,8.08,10.9,363.0,12500.0,416.0,61.8,25.5,22.1
1245,12,Main,G2_Esports,Flakked,6,1,5,16.7,2.67,2.5,3.33,2.4,270.0,8.96,11.8,390.0,12000.0,398.0,65.5,29.1,23.8
1246,12,Main,G2_Esports,Jankos,6,1,5,16.7,1.33,2.83,6.17,2.65,175.17,5.81,9.7,322.0,9200.0,304.0,81.8,14.5,19.7
1247,12,Main,G2_Esports,Targamas,6,1,5,16.7,0.17,3.17,7.0,2.26,31.5,1.04,6.5,216.0,4300.0,143.0,78.2,1.8,13.2
1248,12,Main,GAM_Esports,Bie,6,1,5,16.7,1.0,3.17,5.33,2.0,32.67,1.03,7.0,222.0,5000.0,158.0,70.4,11.1,13.6
1249,12,Main,GAM_Esports,Kati,6,1,5,16.7,1.5,3.17,4.83,2.0,241.67,7.64,10.8,342.0,13500.0,428.0,70.4,16.7,20.9
1250,12,Main,GAM_Esports,Kiaya,6,1,5,16.7,1.67,3.67,3.67,1.45,235.5,7.45,10.7,338.0,13100.0,415.0,59.3,18.5,20.7
1251,12,Main,GAM_Esports,Levi,6,1,5,16.7,2.67,4.5,5.67,1.85,185.83,5.88,10.9,344.0,16600.0,524.0,92.6,29.6,21.1
1252,12,Main,GAM_Esports,Sty1e,6,1,5,16.7,2.17,3.33,3.83,1.8,285.5,9.03,12.3,389.0,12800.0,404.0,66.7,24.1,23.8
1253,12,Main,Gen_2e-G,Chovy,16,10,6,62.5,3.94,1.38,3.63,5.5,304.06,9.68,13.7,438.0,17500.0,558.0,60.5,31.5,24.2
1254,12,Main,Gen_2e-G,Doran,16,10,6,62.5,2.0,2.44,4.75,2.77,240.94,7.67,11.6,368.0,13800.0,439.0,54.0,16.0,20.4
1255,12,Main,Gen_2e-G,Lehends,16,10,6,62.5,0.75,2.5,8.44,3.68,24.56,0.78,7.3,233.0,6000.0,191.0,73.5,6.0,12.9
1256,12,Main,Gen_2e-G,Peanut,16,10,6,62.5,1.94,1.81,6.69,4.76,176.25,5.61,10.4,330.0,9800.0,311.0,69.0,15.5,18.3
1257,12,Main,Gen_2e-G,Ruler,16,10,6,62.5,3.88,1.38,4.44,6.05,291.0,9.26,13.8,438.0,20000.0,637.0,66.5,31.0,24.2
1258,12,Main,JD_Gaming,369,14,10,4,71.4,3.29,3.36,6.36,2.87,239.43,7.62,12.4,396.0,18300.0,584.0,61.9,21.1,21.0
1259,12,Main,JD_Gaming,Hope,14,10,4,71.4,4.21,2.64,5.79,3.78,292.43,9.31,14.0,445.0,18500.0,590.0,64.2,27.1,23.6
1260,12,Main,JD_Gaming,Kanavi,14,10,4,71.4,4.57,2.71,5.86,3.84,211.29,6.73,12.7,406.0,13300.0,425.0,67.0,29.4,21.5
1261,12,Main,JD_Gaming,Missing,14,10,4,71.4,1.07,2.93,10.29,3.88,21.29,0.68,7.7,247.0,7200.0,230.0,72.9,6.9,13.1
1262,12,Main,JD_Gaming,Yagao,14,10,4,71.4,2.43,2.64,7.14,3.62,254.86,8.12,12.3,392.0,16600.0,528.0,61.5,15.6,20.8
1263,12,Main,Rogue__28-European_Team_29-,Comp,10,4,6,40.0,4.3,1.8,2.6,3.83,301.8,9.73,14.0,450.0,15100.0,488.0,62.7,39.1,25.9
1264,12,Main,Rogue__28-European_Team_29-,Larssen,10,4,6,40.0,3.2,1.2,4.2,6.17,279.8,9.02,13.0,418.0,18900.0,609.0,67.3,29.1,24.1
1265,12,Main,Rogue__28-European_Team_29-,Malrang,10,4,6,40.0,1.5,3.1,6.6,2.61,144.8,4.67,9.3,298.0,8200.0,265.0,73.6,13.6,17.2
1266,12,Main,Rogue__28-European_Team_29-,Odoamne,10,4,6,40.0,1.7,3.1,5.0,2.16,223.1,7.19,10.7,346.0,14700.0,474.0,60.9,15.5,19.9
1267,12,Main,Rogue__28-European_Team_29-,Trymbi,10,4,6,40.0,0.3,3.1,7.0,2.35,20.7,0.67,7.0,224.0,6400.0,208.0,66.4,2.7,12.9
1268,12,Main,Royal_Never_Give_Up,Breathe,10,5,5,50.0,3.0,2.7,3.2,2.3,277.3,8.78,13.1,415.0,13000.0,411.0,47.0,22.7,22.7
1269,12,Main,Royal_Never_Give_Up,GALA,10,5,5,50.0,4.4,1.6,4.9,5.81,320.1,10.13,14.3,454.0,19600.0,620.0,70.5,33.3,24.8
1270,12,Main,Royal_Never_Give_Up,Ming,10,5,5,50.0,0.9,2.7,8.3,3.41,26.2,0.83,7.5,237.0,5300.0,167.0,69.7,6.8,13.0
1271,12,Main,Royal_Never_Give_Up,Wei,10,5,5,50.0,2.2,2.4,7.4,4.0,157.7,4.99,10.4,328.0,9200.0,292.0,72.7,16.7,18.0
1272,12,Main,Royal_Never_Give_Up,Xiaohu,10,5,5,50.0,2.7,2.6,4.8,2.88,272.1,8.61,12.5,394.0,15300.0,483.0,56.8,20.5,21.6
1273,12,Main,T1,Faker,18,13,5,72.2,3.39,3.11,5.33,2.8,251.94,7.89,12.7,397.0,19800.0,621.0,54.0,21.0,20.8
1274,12,Main,T1,Gumayusi,18,13,5,72.2,5.0,1.44,5.94,7.58,308.33,9.66,15.1,472.0,19700.0,617.0,67.7,30.9,24.7
1275,12,Main,T1,Keria,18,13,5,72.2,1.39,1.61,10.89,7.62,21.83,0.68,8.5,265.0,8200.0,258.0,75.9,8.6,13.9
1276,12,Main,T1,Oner,18,13,5,72.2,2.78,2.39,8.06,4.53,182.83,5.73,11.5,360.0,11500.0,361.0,67.0,17.2,18.8
1277,12,Main,T1,Zeus,18,13,5,72.2,3.61,3.17,6.61,3.23,244.94,7.67,13.3,417.0,19500.0,611.0,63.2,22.3,21.8
1278,12,Main,Top_Esports,JackeyLove,6,3,3,50.0,5.33,2.33,5.17,4.5,295.33,9.37,15.3,486.0,20700.0,656.0,76.8,39.0,26.1
1279,12,Main,Top_Esports,knight,6,3,3,50.0,4.33,1.17,5.5,8.43,283.5,8.99,13.9,442.0,22400.0,711.0,72.0,31.7,23.7
1280,12,Main,Top_Esports,Mark,6,3,3,50.0,1.17,2.0,9.33,5.25,24.0,0.76,7.7,245.0,5400.0,171.0,76.8,8.5,13.1
1281,12,Main,Top_Esports,Tian,6,3,3,50.0,1.83,2.33,7.33,3.93,174.0,5.52,10.5,332.0,10900.0,344.0,67.1,13.4,17.8
1282,12,Main,Top_Esports,Wayward,6,3,3,50.0,1.0,4.0,4.5,1.38,254.33,8.07,11.3,360.0,10600.0,338.0,40.2,7.3,19.3
